

/* Add countries (initially copied from athletica) */

SET SQL_MODE="NO_AUTO_VALUE_ON_ZERO";


/*!40101 SET @OLD_CHARACTER_SET_CLIENT=@@CHARACTER_SET_CLIENT */;
/*!40101 SET @OLD_CHARACTER_SET_RESULTS=@@CHARACTER_SET_RESULTS */;
/*!40101 SET @OLD_COLLATION_CONNECTION=@@COLLATION_CONNECTION */;


INSERT INTO `regions` (`country`, `countryName`, `countrySortvalue`) VALUES
('SUI', 'Switzerland', 1),
('AFG', 'Afghanistan', 2),
('ALB', 'Albania', 3),
('ALG', 'Algeria', 4),
('ASA', 'American Samoa', 5),
('AND', 'Andorra', 6),
('ANG', 'Angola', 7),
('AIA', 'Anguilla', 8),
('ANT', 'Antigua & Barbuda', 9),
('ARG', 'Argentina', 10),
('ARM', 'Armenia', 11),
('ARU', 'Aruba', 12),
('AUS', 'Australia', 13),
('AUT', 'Austria', 14),
('AZE', 'Azerbaijan', 15),
('BAH', 'Bahamas', 16),
('BRN', 'Bahrain', 17),
('BAN', 'Bangladesh', 18),
('BAR', 'Barbados', 19),
('BLR', 'Belarus', 20),
('BEL', 'Belgium', 21),
('BIZ', 'Belize', 22),
('BEN', 'Benin', 23),
('BER', 'Bermuda', 24),
('BHU', 'Bhutan', 25),
('BOL', 'Bolivia', 26),
('BIH', 'Bosnia Herzegovina', 27),
('BOT', 'Botswana', 28),
('BRA', 'Brazil', 29),
('BRU', 'Brunei', 30),
('BUL', 'Bulgaria', 31),
('BRK', 'Burkina Faso', 32),
('BDI', 'Burundi', 33),
('CAM', 'Cambodia', 34),
('CMR', 'Cameroon', 35),
('CAN', 'Canada', 36),
('CPV', 'Cape Verde Islands', 37),
('CAY', 'Cayman Islands', 38),
('CAF', 'Central African Republic', 39),
('CHA', 'Chad', 40),
('CHI', 'Chile', 41),
('CHN', 'China', 42),
('COL', 'Colombia', 43),
('COM', 'Comoros', 44),
('CGO', 'Congo', 45),
('COD', 'Congo [Zaire]', 46),
('COK', 'Cook Islands', 47),
('CRC', 'Costa Rica', 48),
('CIV', 'Ivory Coast', 49),
('CRO', 'Croatia', 50),
('CUB', 'Cuba', 51),
('CYP', 'Cyprus', 52),
('CZE', 'Czech Republic', 53),
('DEN', 'Denmark', 54),
('DJI', 'Djibouti', 55),
('DMA', 'Dominica', 56),
('DOM', 'Dominican Republic', 57),
('TLS', 'East Timor', 58),
('ECU', 'Ecuador', 59),
('EGY', 'Egypt', 60),
('ESA', 'El Salvador', 61),
('GEQ', 'Equatorial Guinea', 62),
('ERI', 'Eritrea', 63),
('EST', 'Estonia', 64),
('ETH', 'Ethiopia', 65),
('FIJ', 'Fiji', 66),
('FIN', 'Finland', 67),
('FRA', 'France', 68),
('GAB', 'Gabon', 69),
('GAM', 'Gambia', 70),
('GEO', 'Georgia', 71),
('GER', 'Germany', 72),
('GHA', 'Ghana', 73),
('GIB', 'Gibraltar', 74),
('GBR', 'Great Britain & NI', 75),
('GRE', 'Greece', 76),
('GRN', 'Grenada', 77),
('GUM', 'Guam', 78),
('GUA', 'Guatemala', 79),
('GUI', 'Guinea', 80),
('GBS', 'Guinea-Bissau', 81),
('GUY', 'Guyana', 82),
('HAI', 'Haiti', 83),
('HON', 'Honduras', 84),
('HKG', 'Hong Kong', 85),
('HUN', 'Hungary', 86),
('ISL', 'Iceland', 87),
('IND', 'India', 88),
('INA', 'Indonesia', 89),
('IRI', 'Iran', 90),
('IRQ', 'Iraq', 91),
('IRL', 'Ireland', 92),
('ISR', 'Israel', 93),
('ITA', 'Italy', 94),
('JAM', 'Jamaica', 95),
('JPN', 'Japan', 96),
('JOR', 'Jordan', 97),
('KAZ', 'Kazakhstan', 98),
('KEN', 'Kenya', 99),
('KIR', 'Kiribati', 100),
('KOR', 'Korea', 101),
('KUW', 'Kuwait', 102),
('KGZ', 'Kirgizstan', 103),
('LAO', 'Laos', 104),
('LAT', 'Latvia', 105),
('LIB', 'Lebanon', 106),
('LES', 'Lesotho', 107),
('LBR', 'Liberia', 108),
('LIE', 'Liechtenstein', 109),
('LTU', 'Lithuania', 110),
('LUX', 'Luxembourg', 111),
('LBA', 'Libya', 112),
('MAC', 'Macao', 113),
('MKD', 'Macedonia', 114),
('MAD', 'Madagascar', 115),
('MAW', 'Malawi', 116),
('MAS', 'Malaysia', 117),
('MDV', 'Maldives', 118),
('MLI', 'Mali', 119),
('MLT', 'Malta', 120),
('MSH', 'Marshall Islands', 121),
('MTN', 'Mauritania', 122),
('MRI', 'Mauritius', 123),
('MEX', 'Mexico', 124),
('FSM', 'Micronesia', 125),
('MDA', 'Moldova', 126),
('MON', 'Monaco', 127),
('MGL', 'Mongolia', 128),
('MNE', 'Montenegro', 129),
('MNT', 'Montserrat', 130),
('MAR', 'Morocco', 131),
('MOZ', 'Mozambique', 132),
('MYA', 'Myanmar [Burma]', 133),
('NAM', 'Namibia', 134),
('NRU', 'Nauru', 135),
('NEP', 'Nepal', 136),
('NED', 'Netherlands', 137),
('AHO', 'Netherlands Antilles', 138),
('NZL', 'New Zealand', 139),
('NCA', 'Nicaragua', 140),
('NIG', 'Niger', 141),
('NGR', 'Nigeria', 142),
('NFI', 'Norfolk Islands', 143),
('PRK', 'North Korea', 144),
('NOR', 'Norway', 145),
('OMN', 'Oman', 146),
('PAK', 'Pakistan', 147),
('PLW', 'Palau', 148),
('PLE', 'Palestine', 149),
('PAN', 'Panama', 150),
('NGU', 'Papua New Guinea', 151),
('PAR', 'Paraguay', 152),
('PER', 'Peru', 153),
('PHI', 'Philippines', 154),
('POL', 'Poland', 155),
('POR', 'Portugal', 156),
('PUR', 'Puerto Rico', 157),
('QAT', 'Qatar', 158),
('ROM', 'Romania', 159),
('RUS', 'Russia', 160),
('RWA', 'Rwanda', 161),
('SMR', 'San Marino', 162),
('STP', 'São Tome & Principé', 163),
('KSA', 'Saudi Arabia', 164),
('SEN', 'Senegal', 165),
('SRB', 'Serbia', 166),
('SEY', 'Seychelles', 167),
('SLE', 'Sierra Leone', 168),
('SIN', 'Singapore', 169),
('SVK', 'Slovakia', 170),
('SLO', 'Slovenia', 171),
('SOL', 'Solomon Islands', 172),
('SOM', 'Somalia', 173),
('RSA', 'South Africa', 174),
('ESP', 'Spain', 175),
('SKN', 'St. Kitts & Nevis', 176),
('SRI', 'Sri Lanka', 177),
('LCA', 'St. Lucia', 178),
('VIN', 'St. Vincent & the Grenadines', 179),
('SUD', 'Sudan', 180),
('SUR', 'Surinam', 181),
('SWZ', 'Swaziland', 182),
('SWE', 'Sweden', 183),
('SYR', 'Syria', 185),
('TAH', 'Tahiti', 186),
('TPE', 'Taiwan', 187),
('TAD', 'Tadjikistan', 188),
('TAN', 'Tanzania', 189),
('THA', 'Thailand', 190),
('TOG', 'Togo', 191),
('TGA', 'Tonga', 192),
('TRI', 'Trinidad & Tobago', 193),
('TUN', 'Tunisia', 194),
('TUR', 'Turkey', 195),
('TKM', 'Turkmenistan', 196),
('TKS', 'Turks & Caicos Islands', 197),
('UGA', 'Uganda', 198),
('UKR', 'Ukraine', 199),
('UAE', 'United Arab Emirates', 200),
('USA', 'United States', 201),
('URU', 'Uruguay', 202),
('UZB', 'Uzbekistan', 203),
('VAN', 'Vanuatu', 204),
('VEN', 'Venezuela', 205),
('VIE', 'Vietnam', 206),
('ISV', 'Virgin Islands', 207),
('SAM', 'Western Samoa', 208),
('YEM', 'Yemen', 209),
('ZAM', 'Zambia', 210),
('ZIM', 'Zimbabwe', 211);




/* Add categories (initially copied from athletica) */

-- phpMyAdmin SQL Dump
-- version 3.2.2.1
-- http://www.phpmyadmin.net
--
-- Host: localhost:3306
-- Erstellungszeit: 02. Mai 2020 um 09:59
-- Server Version: 5.1.50
-- PHP-Version: 5.2.6

SET SQL_MODE="NO_AUTO_VALUE_ON_ZERO";


/*!40101 SET @OLD_CHARACTER_SET_CLIENT=@@CHARACTER_SET_CLIENT */;
/*!40101 SET @OLD_CHARACTER_SET_RESULTS=@@CHARACTER_SET_RESULTS */;
/*!40101 SET @OLD_COLLATION_CONNECTION=@@COLLATION_CONNECTION */;


INSERT INTO `categories` (`xCategory`, `shortname`, `name`, `sortorder`, `ageMax`, `code`, `sex`, `active`) VALUES
(1, 'MAN', 'MAN', 1, 99, 'MAN_', 'm', 1),
(2, 'U20M', 'U20 M', 4, 19, 'U20M', 'm', 1),
(3, 'U18M', 'U18 M', 5, 17, 'U18M', 'm', 1),
(4, 'U16M', 'U16 M', 6, 15, 'U16M', 'm', 1),
(5, 'U14M', 'U14 M', 7, 13, 'U14M', 'm', 1),
(6, 'U12M', 'U12 M', 8, 11, 'U12M', 'm', 1),
(7, 'WOM', 'WOM', 10, 99, 'WOM_', 'f', 1),
(8, 'U20W', 'U20 W', 13, 19, 'U20W', 'f', 1),
(9, 'U18W', 'U18 W', 14, 17, 'U18W', 'f', 1),
(10, 'U16W', 'U16 W', 15, 15, 'U16W', 'f', 1),
(11, 'U14W', 'U14 W', 16, 13, 'U14W', 'f', 1),
(12, 'U12W', 'U12 W', 17, 11, 'U12W', 'f', 1),
(13, 'U23M', 'U23 M', 3, 22, 'U23M', 'm', 1),
(14, 'U23W', 'U23 W', 12, 22, 'U23W', 'f', 1),
(16, 'U10M', 'U10 M', 9, 9, 'U10M', 'm', 1),
(17, 'U10W', 'U10 W', 18, 9, 'U10W', 'f', 1),
(18, 'MASM', 'MASTERS M', 2, 99, 'MASM', 'm', 1),
(19, 'MASW', 'MASTERS W', 11, 99, 'MASW', 'f', 1),
(20, 'M15', 'U16 M15', 21, 15, 'M15', 'm', 1),
(21, 'M14', 'U16 M14', 22, 14, 'M14', 'm', 1),
(22, 'M13', 'U14 M13', 23, 13, 'M13', 'm', 1),
(23, 'M12', 'U14 M12', 24, 12, 'M12', 'm', 1),
(24, 'M11', 'U12 M11', 25, 11, 'M11', 'm', 1),
(25, 'M10', 'U12 M10', 26, 10, 'M10', 'm', 1),
(26, 'M09', 'U10 M09', 27, 9, 'M09', 'm', 1),
(27, 'M08', 'U10 M08', 28, 8, 'M08', 'm', 1),
(28, 'M07', 'U10 M07', 29, 7, 'M07', 'm', 1),
(29, 'W15', 'U16 W15', 31, 15, 'W15', 'f', 1),
(30, 'W14', 'U16 W14', 32, 14, 'W14', 'f', 1),
(31, 'W13', 'U14 W13', 33, 13, 'W13', 'f', 1),
(32, 'W12', 'U14 W12', 34, 12, 'W12', 'f', 1),
(33, 'W11', 'U12 W11', 35, 11, 'W11', 'f', 1),
(34, 'W10', 'U12 W10', 36, 10, 'W10', 'f', 1),
(35, 'W09', 'U10 W09', 37, 9, 'W09', 'f', 1),
(36, 'W08', 'U10 W08', 38, 8, 'W08', 'f', 1),
(37, 'W07', 'U10 W07', 39, 7, 'W07', 'f', 1),
(38, 'MIXE', 'Männer/Frauen Mixed', 22, 99, 'MIXE', 'm', 1),
(39, 'U18X', 'U18 Mixed', 19, 17, 'U18X', 'm', 1),
(40, 'U20X', 'U20 Mixed', 20, 19, 'U20X', 'm', 1),
(41, 'U23X', 'U23 Mixed', 21, 22, 'U23X', 'm', 1);

/* Add some default disciplines (they re currently 2021-05 referenced without being actual rooms!) */
INSERT INTO `basedisciplines` (`xBaseDiscipline`, `type`, `nameStd`, `shortnameStd`, `timeAppeal`, `timeCall`, `baseConfiguration`, `indoor`) VALUES
(1, 1, 'Pole Vault', 'PV', '01:30:00', '00:45:00', '{\"heightMax\":650,\"jumpoffHeightVariation\":5}', b'0'),
(2, 1, 'High Jump', 'HJ', '01:00:00', '00:30:00', '{\"heightMax\":260,\"jumpoffHeightVariation\":2}', b'0'),
(3, 1, 'Pole Vault', 'PV', '01:30:00', '00:45:00', '{\"heightMax\":650,\"jumpoffHeightVariation\":5}', b'1'),
(4, 1, 'High Jump', 'HJ', '01:00:00', '00:30:00', '{\"heightMax\":260,\"jumpoffHeightVariation\":2}', b'1'),
(5, 3, '60 m', '60', '01:00:00', '00:20:00', '{\"distance\":60,\"startInLanes\":true,\"finishInLanes\":true,\"groupSize\":1,\"wind\":false,\"straight\":true,\"heatInterval\":60,\"type\":\"regular\",\"crouchStart\":true}', b'1'),
(6, 3, '200 m', '200', '01:00:00', '00:20:00', '{\"distance\":200,\"startInLanes\":true,\"finishInLanes\":true,\"groupSize\":1,\"wind\":false,\"straight\":false,\"heatInterval\":120,\"type\":\"regular\",\"crouchStart\":true}', b'1'),
(7, 3, '400 m', '400', '01:00:00', '00:20:00', '{\"distance\":400,\"startInLanes\":true,\"finishInLanes\":false,\"groupSize\":1,\"wind\":false,\"straight\":false,\"heatInterval\":120,\"type\":\"regular\",\"crouchStart\":true}', b'1'),
(8, 3, '600 m', '600', '01:00:00', '00:20:00', '{\"distance\":600,\"startInLanes\":true,\"finishInLanes\":false,\"groupSize\":2,\"wind\":false,\"straight\":false,\"heatInterval\":150,\"type\":\"regular\",\"crouchStart\":false}', b'1'),
(9, 3, '800 m', '800', '01:00:00', '00:20:00', '{\"distance\":800,\"startInLanes\":true,\"finishInLanes\":false,\"groupSize\":2,\"wind\":false,\"straight\":false,\"heatInterval\":180,\"type\":\"regular\",\"crouchStart\":false}', b'1'),
(10, 3, '1000 m', '1000', '01:00:00', '00:20:00', '{\"distance\":1000,\"startInLanes\":false,\"finishInLanes\":false,\"groupSize\":10,\"wind\":false,\"straight\":false,\"heatInterval\":180,\"type\":\"regular\",\"crouchStart\":false}', b'1'),
(11, 3, '1500 m', '1500', '01:00:00', '00:20:00', '{\"distance\":1500,\"startInLanes\":false,\"finishInLanes\":false,\"groupSize\":10,\"wind\":false,\"straight\":false,\"heatInterval\":240,\"type\":\"regular\",\"crouchStart\":false}', b'1'),
(12, 3, '3000 m', '3000', '01:00:00', '00:20:00', '{\"distance\":3000,\"startInLanes\":false,\"finishInLanes\":false,\"groupSize\":10,\"wind\":false,\"straight\":false,\"heatInterval\":540,\"type\":\"regular\",\"crouchStart\":false}', b'1'),
(13, 3, '60 m Hurdles', '60H', '01:00:00', '00:20:00', '{\"distance\":60,\"startInLanes\":true,\"finishInLanes\":true,\"groupSize\":1,\"wind\":false,\"straight\":true,\"heatInterval\":60,\"type\":\"hurdles\",\"crouchStart\":true}', b'1'),
(19, 3, '300 m', '300', '01:00:00', '00:20:00', '{\"distance\":300,\"startInLanes\":true,\"finishInLanes\":true,\"groupSize\":1,\"wind\":false,\"straight\":false,\"heatInterval\":120,\"type\":\"regular\",\"crouchStart\":true}', b'0'),
(20, 3, '300 m Hurdles', '300H', '01:00:00', '00:20:00', '{\"distance\":300,\"startInLanes\":true,\"finishInLanes\":true,\"groupSize\":1,\"wind\":false,\"straight\":false,\"heatInterval\":120,\"type\":\"hurdles\",\"crouchStart\":true}', b'0'),
(21, 3, '50 m', '50', '01:00:00', '00:20:00', '{\"distance\":50,\"startInLanes\":true,\"finishInLanes\":true,\"groupSize\":1,\"wind\":false,\"straight\":true,\"heatInterval\":60,\"type\":\"regular\",\"crouchStart\":true}', b'1'),
(22, 3, '55 m', '55', '01:00:00', '00:20:00', '{\"distance\":55,\"startInLanes\":true,\"finishInLanes\":true,\"groupSize\":1,\"wind\":false,\"straight\":true,\"heatInterval\":60,\"type\":\"regular\",\"crouchStart\":true}', b'1'),
(24, 3, '50 m', '50', '01:00:00', '00:20:00', '{\"distance\":50,\"startInLanes\":true,\"finishInLanes\":true,\"groupSize\":1,\"wind\":false,\"straight\":true,\"heatInterval\":60,\"type\":\"regular\",\"crouchStart\":true}', b'0'),
(25, 3, '55 m', '55', '01:00:00', '00:20:00', '{\"distance\":20,\"startInLanes\":true,\"finishInLanes\":true,\"groupSize\":1,\"wind\":false,\"straight\":true,\"heatInterval\":60,\"type\":\"regular\",\"crouchStart\":true}', b'0'),
(26, 3, '60 m', '60', '01:00:00', '00:20:00', '{\"distance\":60,\"startInLanes\":true,\"finishInLanes\":true,\"groupSize\":1,\"wind\":false,\"straight\":true,\"heatInterval\":60,\"type\":\"regular\",\"crouchStart\":true}', b'0'),
(27, 3, '80 m', '80', '01:00:00', '00:20:00', '{\"distance\":80,\"startInLanes\":true,\"finishInLanes\":true,\"groupSize\":1,\"wind\":true,\"straight\":true,\"heatInterval\":60,\"type\":\"regular\",\"crouchStart\":true}', b'0'),
(28, 3, '100 m', '100', '01:00:00', '00:20:00', '{\"distance\":100,\"startInLanes\":true,\"finishInLanes\":true,\"groupSize\":1,\"wind\":true,\"straight\":true,\"heatInterval\":60,\"type\":\"regular\",\"crouchStart\":true}', b'0'),
(29, 3, '100 m', '100', '01:00:00', '00:20:00', '{\"distance\":100,\"startInLanes\":true,\"finishInLanes\":true,\"groupSize\":1,\"wind\":false,\"straight\":false,\"heatInterval\":60,\"type\":\"regular\",\"crouchStart\":true}', b'1'),
(30, 3, '150 m', '150', '01:00:00', '00:20:00', '{\"distance\":150,\"startInLanes\":true,\"finishInLanes\":true,\"groupSize\":1,\"wind\":true,\"straight\":false,\"heatInterval\":60,\"type\":\"regular\",\"crouchStart\":true}', b'0'),
(31, 3, '200 m', '200', '01:00:00', '00:20:00', '{\"distance\":200,\"startInLanes\":true,\"finishInLanes\":true,\"groupSize\":1,\"wind\":true,\"straight\":false,\"heatInterval\":120,\"type\":\"regular\",\"crouchStart\":true}', b'0'),
(32, 3, '400 m', '400', '01:00:00', '00:20:00', '{\"distance\":400,\"startInLanes\":true,\"finishInLanes\":true,\"groupSize\":1,\"wind\":false,\"straight\":false,\"heatInterval\":120,\"type\":\"regular\",\"crouchStart\":true}', b'0'),
(33, 3, '600 m', '600', '01:00:00', '00:20:00', '{\"distance\":600,\"startInLanes\":true,\"finishInLanes\":false,\"groupSize\":2,\"wind\":false,\"straight\":false,\"heatInterval\":150,\"type\":\"regular\",\"crouchStart\":false}', b'0'),
(34, 3, '800 m', '800', '01:00:00', '00:20:00', '{\"distance\":800,\"startInLanes\":true,\"finishInLanes\":false,\"groupSize\":2,\"wind\":false,\"straight\":false,\"heatInterval\":180,\"type\":\"regular\",\"crouchStart\":false}', b'0'),
(35, 3, '1000 m', '1000', '01:00:00', '00:20:00', '{\"distance\":1000,\"startInLanes\":false,\"finishInLanes\":false,\"groupSize\":15,\"wind\":false,\"straight\":false,\"heatInterval\":180,\"type\":\"regular\",\"crouchStart\":false}', b'0'),
(36, 3, '1500 m', '1500', '01:00:00', '00:20:00', '{\"distance\":1500,\"startInLanes\":false,\"finishInLanes\":false,\"groupSize\":15,\"wind\":false,\"straight\":false,\"heatInterval\":240,\"type\":\"regular\",\"crouchStart\":false}', b'0'),
(37, 3, '1 Mile', 'Mile', '01:00:00', '00:20:00', '{\"distance\":1609,\"startInLanes\":false,\"finishInLanes\":false,\"groupSize\":15,\"wind\":false,\"straight\":false,\"heatInterval\":300,\"type\":\"regular\",\"crouchStart\":false}', b'0'),
(38, 3, '1 Mile', 'Mile', '01:00:00', '00:20:00', '{\"distance\":1609,\"startInLanes\":false,\"finishInLanes\":false,\"groupSize\":10,\"wind\":false,\"straight\":false,\"heatInterval\":300,\"type\":\"regular\",\"crouchStart\":false}', b'1'),
(39, 3, '2000 m', '2000', '01:00:00', '00:20:00', '{\"distance\":2000,\"startInLanes\":false,\"finishInLanes\":false,\"groupSize\":15,\"wind\":false,\"straight\":false,\"heatInterval\":360,\"type\":\"regular\",\"crouchStart\":false}', b'0'),
(40, 3, '2000 m', '2000', '01:00:00', '00:20:00', '{\"distance\":2000,\"startInLanes\":false,\"finishInLanes\":false,\"groupSize\":10,\"wind\":false,\"straight\":false,\"heatInterval\":360,\"type\":\"regular\",\"crouchStart\":false}', b'1'),
(41, 3, '3000 m', '3000', '01:00:00', '00:20:00', '{\"distance\":3000,\"startInLanes\":false,\"finishInLanes\":false,\"groupSize\":15,\"wind\":false,\"straight\":false,\"heatInterval\":540,\"type\":\"regular\",\"crouchStart\":false}', b'0'),
(42, 3, '5000 m', '5000', '01:00:00', '00:20:00', '{\"distance\":5000,\"startInLanes\":false,\"finishInLanes\":false,\"groupSize\":15,\"wind\":false,\"straight\":false,\"heatInterval\":900,\"type\":\"regular\",\"crouchStart\":false}', b'0'),
(43, 3, '5000 m', '5000', '01:00:00', '00:20:00', '{\"distance\":5000,\"startInLanes\":false,\"finishInLanes\":false,\"groupSize\":10,\"wind\":false,\"straight\":false,\"heatInterval\":900,\"type\":\"regular\",\"crouchStart\":false}', b'1'),
(44, 3, '10 km', '10k', '01:00:00', '00:20:00', '{\"distance\":10000,\"startInLanes\":false,\"finishInLanes\":false,\"groupSize\":15,\"wind\":false,\"straight\":false,\"heatInterval\":1800,\"type\":\"regular\",\"crouchStart\":false}', b'0'),
(45, 3, '10 km', '10k', '01:00:00', '00:20:00', '{\"distance\":10000,\"startInLanes\":false,\"finishInLanes\":false,\"groupSize\":10,\"wind\":false,\"straight\":false,\"heatInterval\":1800,\"type\":\"regular\",\"crouchStart\":false}', b'1'),
(46, 3, '20 km', '20k', '01:00:00', '00:20:00', '{\"distance\":20000,\"startInLanes\":false,\"finishInLanes\":false,\"groupSize\":50,\"wind\":false,\"straight\":false,\"heatInterval\":3600,\"type\":\"regular\",\"crouchStart\":false}', b'0'),
(47, 3, '25 km', '25k', '01:00:00', '00:20:00', '{\"distance\":25000,\"startInLanes\":false,\"finishInLanes\":false,\"groupSize\":50,\"wind\":false,\"straight\":false,\"heatInterval\":4500,\"type\":\"regular\",\"crouchStart\":false}', b'0'),
(48, 3, 'Half Marathon', '21k', '01:00:00', '00:20:00', '{\"distance\":21098,\"startInLanes\":false,\"finishInLanes\":false,\"groupSize\":50,\"wind\":false,\"straight\":false,\"heatInterval\":3780,\"type\":\"regular\",\"crouchStart\":false}', b'0'),
(49, 3, '30 km', '30k', '01:00:00', '00:20:00', '{\"distance\":100,\"startInLanes\":false,\"finishInLanes\":false,\"groupSize\":50,\"wind\":false,\"straight\":false,\"heatInterval\":5400,\"type\":\"regular\",\"crouchStart\":false}', b'0'),
(50, 3, 'Marathon', '42k', '01:00:00', '00:20:00', '{\"distance\":42195,\"startInLanes\":false,\"finishInLanes\":false,\"groupSize\":50,\"wind\":false,\"straight\":false,\"heatInterval\":7200,\"type\":\"regular\",\"crouchStart\":false}', b'0'),
(51, 3, '100 km', '100k', '01:00:00', '00:20:00', '{\"distance\":100000,\"startInLanes\":false,\"finishInLanes\":false,\"groupSize\":50,\"wind\":false,\"straight\":false,\"heatInterval\":10000,\"type\":\"regular\",\"crouchStart\":false}', b'0'),
(52, 3, '50 m Hurdles', '50H', '01:00:00', '00:20:00', '{\"distance\":50,\"startInLanes\":true,\"finishInLanes\":true,\"groupSize\":1,\"wind\":false,\"straight\":true,\"heatInterval\":60,\"type\":\"hurdles\",\"crouchStart\":true}', b'1'),
(53, 3, '60 m Hurdles', '60H', '01:00:00', '00:20:00', '{\"distance\":60,\"startInLanes\":true,\"finishInLanes\":true,\"groupSize\":1,\"wind\":false,\"straight\":true,\"heatInterval\":60,\"type\":\"hurdles\",\"crouchStart\":true}', b'0'),
(54, 3, '80 m Hurdles', '80H', '01:00:00', '00:20:00', '{\"distance\":80,\"startInLanes\":true,\"finishInLanes\":true,\"groupSize\":1,\"wind\":true,\"straight\":true,\"heatInterval\":60,\"type\":\"hurdles\",\"crouchStart\":true}', b'0'),
(55, 3, '100 m Hurdles', '100H', '01:00:00', '00:20:00', '{\"distance\":100,\"startInLanes\":true,\"finishInLanes\":true,\"groupSize\":1,\"wind\":true,\"straight\":true,\"heatInterval\":60,\"type\":\"hurdles\",\"crouchStart\":true}', b'0'),
(56, 3, '110 m Hurdles', '110H', '01:00:00', '00:20:00', '{\"distance\":110,\"startInLanes\":true,\"finishInLanes\":true,\"groupSize\":1,\"wind\":true,\"straight\":true,\"heatInterval\":60,\"type\":\"hurdles\",\"crouchStart\":true}', b'0'),
(57, 3, '400 m Hurdles', '400H', '01:00:00', '00:20:00', '{\"distance\":400,\"startInLanes\":true,\"finishInLanes\":true,\"groupSize\":1,\"wind\":false,\"straight\":true,\"heatInterval\":120,\"type\":\"hurdles\",\"crouchStart\":true}', b'0'),
(58, 3, '6x Free', '6xFree', '01:00:00', '00:20:00', '{\"distance\":400,\"startInLanes\":true,\"finishInLanes\":true,\"groupSize\":1,\"wind\":false,\"straight\":false,\"heatInterval\":120,\"type\":\"relay\",\"crouchStart\":true}', b'0'),
(59, 3, '5x Free', '5xFree', '01:00:00', '00:20:00', '{\"distance\":400,\"startInLanes\":true,\"finishInLanes\":true,\"groupSize\":1,\"wind\":false,\"straight\":false,\"heatInterval\":120,\"type\":\"relay\",\"crouchStart\":true}', b'0'),
(60, 3, '5x 80 m', '5x80', '01:00:00', '00:20:00', '{\"distance\":400,\"startInLanes\":true,\"finishInLanes\":true,\"groupSize\":1,\"wind\":false,\"straight\":false,\"heatInterval\":120,\"type\":\"relay\",\"crouchStart\":true}', b'0'),
(61, 3, '4x 100 m', '4x100', '01:00:00', '00:20:00', '{\"distance\":400,\"startInLanes\":true,\"finishInLanes\":true,\"groupSize\":1,\"wind\":false,\"straight\":false,\"heatInterval\":120,\"type\":\"relay\",\"crouchStart\":true}', b'0'),
(62, 3, '4x 200 m', '4x200', '01:00:00', '00:20:00', '{\"distance\":800,\"startInLanes\":true,\"finishInLanes\":false,\"groupSize\":1,\"wind\":false,\"straight\":false,\"heatInterval\":120,\"type\":\"relay\",\"crouchStart\":true}', b'0'),
(63, 3, '4x 400 m', '4x400', '01:00:00', '00:20:00', '{\"distance\":1600,\"startInLanes\":true,\"finishInLanes\":false,\"groupSize\":1,\"wind\":false,\"straight\":false,\"heatInterval\":120,\"type\":\"relay\",\"crouchStart\":true}', b'0'),
(64, 3, '3x 800 m', '3x800', '01:00:00', '00:20:00', '{\"distance\":2400,\"startInLanes\":true,\"finishInLanes\":false,\"groupSize\":1,\"wind\":false,\"straight\":false,\"heatInterval\":180,\"type\":\"relay\",\"crouchStart\":false}', b'0'),
(65, 3, '4x 800 m', '4x800', '01:00:00', '00:20:00', '{\"distance\":3200,\"startInLanes\":true,\"finishInLanes\":false,\"groupSize\":1,\"wind\":false,\"straight\":false,\"heatInterval\":240,\"type\":\"relay\",\"crouchStart\":false}', b'0'),
(66, 3, '3x 1000 m', '3x1000', '01:00:00', '00:20:00', '{\"distance\":3000,\"startInLanes\":false,\"finishInLanes\":false,\"groupSize\":1,\"wind\":false,\"straight\":false,\"heatInterval\":450,\"type\":\"relay\",\"crouchStart\":false}', b'0'),
(67, 3, '4x 1500 m', '4x1500', '01:00:00', '00:20:00', '{\"distance\":6000,\"startInLanes\":false,\"finishInLanes\":false,\"groupSize\":1,\"wind\":false,\"straight\":false,\"heatInterval\":780,\"type\":\"relay\",\"crouchStart\":false}', b'0'),
(68, 3, 'Olympic', 'Olympic', '01:00:00', '00:20:00', '{\"distance\":4500,\"startInLanes\":false,\"finishInLanes\":false,\"groupSize\":1,\"wind\":false,\"straight\":false,\"heatInterval\":240,\"type\":\"relay\",\"crouchStart\":false}', b'0'),
(69, 3, 'Americaine', 'Americaine', '01:00:00', '00:20:00', '{\"distance\":3000,\"startInLanes\":false,\"finishInLanes\":false,\"groupSize\":1,\"wind\":false,\"straight\":false,\"heatInterval\":780,\"type\":\"relay\",\"crouchStart\":false}', b'0'),
(70, 3, '200 m Hurdles', '200H', '01:00:00', '00:20:00', '{\"distance\":200,\"startInLanes\":true,\"finishInLanes\":true,\"groupSize\":1,\"wind\":true,\"straight\":false,\"heatInterval\":60,\"type\":\"hurdles\",\"crouchStart\":true}', b'0'),
(71, 3, '1500 m Steeple', '1500St', '01:00:00', '00:20:00', '{\"distance\":1500,\"startInLanes\":false,\"finishInLanes\":false,\"groupSize\":1,\"wind\":false,\"straight\":false,\"heatInterval\":240,\"type\":\"regular\",\"crouchStart\":false}', b'0'),
(72, 3, '2000 m Steeple 76.2', '2000St76.2', '01:00:00', '00:20:00', '{\"distance\":2000,\"startInLanes\":false,\"finishInLanes\":false,\"groupSize\":1,\"wind\":false,\"straight\":false,\"heatInterval\":300,\"type\":\"regular\",\"crouchStart\":false}', b'0'),
(73, 3, '2000 m Steeple 83.8', '2000St83.8', '01:00:00', '00:20:00', '{\"distance\":2000,\"startInLanes\":false,\"finishInLanes\":false,\"groupSize\":1,\"wind\":false,\"straight\":false,\"heatInterval\":300,\"type\":\"regular\",\"crouchStart\":false}', b'0'),
(74, 3, '2000 m Steeple 91.4', '2000St91.4', '01:00:00', '00:20:00', '{\"distance\":2000,\"startInLanes\":false,\"finishInLanes\":false,\"groupSize\":1,\"wind\":false,\"straight\":false,\"heatInterval\":300,\"type\":\"regular\",\"crouchStart\":false}', b'0'),
(75, 3, '3000 m Steeple 76.2', '3000St76.2', '01:00:00', '00:20:00', '{\"distance\":3000,\"startInLanes\":false,\"finishInLanes\":false,\"groupSize\":1,\"wind\":false,\"straight\":false,\"heatInterval\":360,\"type\":\"regular\",\"crouchStart\":false}', b'0'),
(76, 3, '3000 m Steeple 91.4', '3000St91.4', '01:00:00', '00:20:00', '{\"distance\":3000,\"startInLanes\":false,\"finishInLanes\":false,\"groupSize\":1,\"wind\":false,\"straight\":false,\"heatInterval\":300,\"type\":\"regular\",\"crouchStart\":false}', b'0'),
(77, 3, '50 km', '50k', '01:00:00', '00:20:00', '{\"distance\":50000,\"startInLanes\":false,\"finishInLanes\":false,\"groupSize\":1,\"wind\":false,\"straight\":false,\"heatInterval\":10800,\"type\":\"regular\",\"crouchStart\":false}', b'0'),
(78, 2, 'Shot Put', 'Shot Put', '01:00:00', '00:30:00', '{\"type\":\"throw\",\"wind\":false}', b'0'),
(79, 2, 'Javelin Throw', 'Javelin', '01:00:00', '00:30:00', '{\"type\":\"throw\",\"wind\":false}', b'0'),
(80, 2, 'Ball Throw', 'Ball', '01:00:00', '00:30:00', '{\"type\":\"throw\",\"wind\":false}', b'0'),
(81, 2, 'Shot Put', 'Shot Put', '01:00:00', '00:30:00', '{\"type\":\"throw\",\"wind\":false}', b'1'),
(82, 2, 'Discus Throw', 'Discus', '01:00:00', '00:30:00', '{\"type\":\"throw\",\"wind\":false}', b'0'),
(83, 2, 'Hammer Throw', 'Hammer', '01:00:00', '00:30:00', '{\"type\":\"throw\",\"wind\":false}', b'0'),
(84, 2, 'Long Jump', 'Long', '01:00:00', '00:30:00', '{\"type\":\"jump\",\"wind\":true}', b'0'),
(85, 2, 'Long Jump', 'Long', '01:00:00', '00:30:00', '{\"type\":\"jump\",\"wind\":false}', b'1'),
(86, 2, 'Triple Jump', 'Triple', '01:00:00', '00:30:00', '{\"type\":\"jump\",\"wind\":true}', b'0'),
(87, 2, 'Triple Jump', 'Triple', '01:00:00', '00:30:00', '{\"type\":\"jump\",\"wind\":false}', b'1'),
(88, 2, 'Long Jump (Zone)', 'Long Zone', '01:00:00', '00:30:00', '{\"type\":\"jump\",\"wind\":false}', b'0'),
(89, 2, 'Long Jump (Zone)', 'Long Zone', '01:00:00', '00:30:00', '{\"type\":\"jump\",\"wind\":false}', b'1');


INSERT INTO `disciplines` (`xDiscipline`, `xBaseDiscipline`, `sortorder`, `active`, `configuration`, `info`) VALUES
(10, 24, 10, b'1', '{}', ''),
(11, 21, 11, b'1', '{}', ''),
(20, 25, 20, b'1', '{}', ''),
(21, 22, 21, b'1', '{}', ''),
(30, 26, 30, b'1', '{}', ''),
(31, 5, 31, b'1', '{}', ''),
(34, 27, 34, b'1', '{}', ''),
(40, 28, 40, b'1', '{}', ''),
(41, 29, 41, b'1', '{}', ''),
(44, 30, 44, b'1', '{}', ''),
(50, 31, 50, b'1', '{}', ''),
(51, 6, 51, b'1', '{}', ''),
(60, 19, 60, b'1', '{}', ''),
(70, 32, 70, b'1', '{}', ''),
(71, 7, 71, b'1', '{}', ''),
(80, 33, 80, b'1', '{}', ''),
(81, 8, 81, b'1', '{}', ''),
(90, 34, 90, b'1', '{}', ''),
(91, 9, 91, b'1', '{}', ''),
(100, 35, 100, b'1', '{}', ''),
(101, 10, 101, b'1', '{}', ''),
(110, 36, 110, b'1', '{}', ''),
(111, 11, 111, b'1', '{}', ''),
(120, 37, 120, b'1', '{}', ''),
(121, 38, 121, b'1', '{}', ''),
(130, 39, 130, b'1', '{}', ''),
(131, 40, 131, b'1', '{}', ''),
(140, 41, 140, b'1', '{}', ''),
(141, 12, 141, b'1', '{}', ''),
(160, 42, 160, b'1', '{}', ''),
(161, 43, 161, b'1', '{}', ''),
(170, 44, 170, b'1', '{}', ''),
(171, 45, 171, b'1', '{}', ''),
(180, 46, 180, b'1', '{}', ''),
(182, 48, 182, b'1', '{}', ''),
(184, 47, 184, b'0', '{}', ''),
(186, 49, 186, b'1', '{}', ''),
(190, 50, 190, b'1', '{}', ''),
(192, 77, 192, b'1', '{}', ''),
(194, 51, 194, b'1', '{}', ''),
(201, 52, 201, b'1', '{\"d1\":11.5,\"d2\":7.5,\"d3\":16,\"height\":60}', '60.0'),
(203, 52, 203, b'1', '{\"d1\":11.5,\"d2\":7.5,\"d3\":16,\"height\":68}', '68.0'),
(205, 52, 205, b'1', '{\"d1\":11.5,\"d2\":7.5,\"d3\":16,\"height\":76.2}', '76.2/7.5'),
(207, 52, 207, b'1', '{\"d1\":12,\"d2\":8,\"d3\":14,\"height\":76.2}', '76.2/8'),
(209, 52, 209, b'1', '{\"d1\":13,\"d2\":8.5,\"d3\":11.5,\"height\":76.2}', '76.2/8.5'),
(211, 52, 211, b'1', '{\"d1\":13,\"d2\":8.5,\"d3\":11.5,\"height\":83.8}', '83.8'),
(213, 52, 213, b'1', '{\"d1\":13.72,\"d2\":9.14,\"d3\":8.86,\"height\":91.4}', '91.4'),
(215, 52, 215, b'1', '{\"d1\":13.72,\"d2\":9.14,\"d3\":8.86,\"height\":99.1}', '99.1'),
(217, 52, 217, b'1', '{\"d1\":13.72,\"d2\":9.14,\"d3\":8.86,\"height\":106.7}', '106.7'),
(220, 53, 220, b'1', '{\"d1\":11.5,\"d2\":7.5,\"d3\":11,\"height\":60}', '60.0'),
(221, 13, 221, b'1', '{\"d1\":11.5,\"d2\":7.5,\"d3\":18.5,\"height\":60}', '60.0'),
(222, 53, 222, b'1', '{\"d1\":11.5,\"d2\":7.5,\"d3\":11,\"height\":68}', '68.0'),
(223, 13, 223, b'1', '{\"height\":68,\"d1\":11.5,\"d2\":7.5,\"d3\":18.5}', '68.0'),
(224, 53, 224, b'1', '{\"d1\":11.5,\"d2\":7.5,\"d3\":11,\"height\":76.2}', '76.2'),
(225, 13, 225, b'1', '{\"height\":76.2,\"d1\":11.5,\"d2\":7.5,\"d3\":18.5}', '76.2/7.5'),
(227, 13, 227, b'1', '{\"height\":76.2,\"d1\":12,\"d2\":8,\"d3\":16}', '76.2/8.0'),
(229, 13, 229, b'1', '{\"height\":76.2,\"d1\":13,\"d2\":8.5,\"d3\":13}', '76.2/8.5'),
(231, 13, 231, b'1', '{\"height\":83.8,\"d1\":13,\"d2\":8.5,\"d3\":13}', '83.8'),
(233, 13, 233, b'1', '{\"height\":91.4,\"d1\":13.72,\"d2\":9.14,\"d3\":9.72}', '91.4'),
(235, 13, 235, b'1', '{\"height\":99.1,\"d1\":13.72,\"d2\":9.14,\"d3\":9.72}', '99.1'),
(237, 13, 237, b'1', '{\"height\":106.7,\"d1\":13.72,\"d2\":9.14,\"d3\":9.72}', '106.7'),
(239, 13, 239, b'0', '{\"d1\":12,\"d2\":7,\"d3\":20,\"height\":76.2}', 'M 76.2/12/7'),
(240, 54, 240, b'1', '{\"d1\":12,\"d2\":8,\"d3\":12,\"height\":76.2}', '76.2'),
(241, 13, 241, b'0', '{\"d1\":12,\"d2\":7,\"d3\":20,\"height\":68.6}', 'M 68.6/12/7'),
(242, 54, 242, b'0', '{\"d1\":12,\"d2\":7,\"d3\":19,\"height\":76.2}', 'M 76.2/12/7'),
(243, 13, 243, b'0', '{\"d1\":13,\"d2\":8.5,\"d3\":13,\"height\":91.4}', 'M 91.4/13/8.5'),
(244, 54, 244, b'0', '{\"d1\":12,\"d2\":7,\"d3\":19,\"height\":68.6}', 'M 68.6/12/7'),
(245, 13, 245, b'0', '{\"d1\":12,\"d2\":8,\"d3\":16,\"height\":84}', 'M 84.0/12/8'),
(250, 55, 250, b'1', '{\"d1\":13,\"d2\":8.5,\"d3\":10.5,\"height\":76.2}', '76.2'),
(252, 55, 252, b'1', '{\"d1\":13,\"d2\":8.5,\"d3\":10.5,\"height\":83.8}', '83.8'),
(254, 55, 254, b'0', '{\"d1\":13,\"d2\":8.5,\"d3\":10.5,\"height\":91.4}', 'M 91.4/13/8.5'),
(256, 55, 256, b'0', '{\"d1\":12,\"d2\":8,\"d3\":16,\"height\":84}', 'M 84.0/12/8'),
(260, 56, 260, b'1', '{\"d1\":13.72,\"d2\":9.14,\"d3\":14.02,\"height\":91.4}', '91.4'),
(262, 56, 262, b'1', '{\"d1\":13.72,\"d2\":9.14,\"d3\":14.02,\"height\":99.1}', '99.1'),
(264, 56, 264, b'1', '{\"d1\":13.72,\"d2\":9.14,\"d3\":14.02,\"height\":106.7}', '106.7'),
(270, 20, 270, b'1', '{\"d1\":45,\"d2\":35,\"d3\":45,\"height\":76.2}', '76.2'),
(272, 20, 272, b'1', '{\"d1\":45,\"d2\":35,\"d3\":45,\"height\":83.8}', '83.8'),
(274, 20, 274, b'1', '{\"d1\":45,\"d2\":35,\"d3\":45,\"height\":91.4}', '91.4'),
(276, 20, 276, b'0', '{\"d1\":50,\"d2\":35,\"d3\":40,\"height\":76.2}', 'M 76.2/50/35'),
(277, 20, 277, b'0', '{\"d1\":50,\"d2\":35,\"d3\":40,\"height\":68.6}', 'M 68.6/50/35'),
(278, 70, 278, b'0', '{\"d1\":20,\"d2\":35,\"d3\":40,\"height\":68.6}', 'M 68.6/20/35'),
(280, 57, 280, b'1', '{\"d1\":45,\"d2\":35,\"d3\":40,\"height\":76.2}', '76.2'),
(282, 57, 282, b'1', '{\"d1\":45,\"d2\":35,\"d3\":40,\"height\":83.8}', '83.8'),
(284, 57, 284, b'1', '{\"d1\":45,\"d2\":35,\"d3\":40,\"height\":91.4}', '91.4'),
(290, 71, 290, b'1', '{}', ''),
(292, 72, 292, b'1', '{}', ''),
(293, 73, 293, b'1', '{}', ''),
(294, 74, 294, b'1', '{}', ''),
(296, 75, 296, b'1', '{}', ''),
(298, 76, 298, b'1', '{}', ''),
(300, 58, 300, b'1', '{\"numAthletes\":12,\"numAthletesCompeting\":6,\"legs\":[\"\",\"\",\"\",\"\",\"\",\"\"]}', ''),
(301, 59, 301, b'1', '{\"numAthletes\":10,\"numAthletesCompeting\":5,\"legs\":[\"\",\"\",\"\",\"\",\"\"]}', ''),
(302, 60, 302, b'1', '{\"numAthletes\":10,\"numAthletesCompeting\":5,\"legs\":[\"80\",\"80\",\"80\",\"80\",\"\"]}', ''),
(303, 61, 303, b'1', '{\"numAthletes\":8,\"numAthletesCompeting\":4,\"legs\":[\"100\",\"100\",\"100\",\"100\"]}', ''),
(304, 62, 304, b'1', '{\"numAthletes\":8,\"numAthletesCompeting\":4,\"legs\":[\"200\",\"200\",\"200\",\"200\"]}', ''),
(305, 63, 305, b'1', '{\"numAthletes\":8,\"numAthletesCompeting\":4,\"legs\":[\"400\",\"400\",\"400\",\"400\"]}', ''),
(306, 64, 306, b'1', '{\"numAthletes\":6,\"numAthletesCompeting\":3,\"legs\":[\"800\",\"800\",\"800\"]}', ''),
(307, 65, 307, b'1', '{\"numAthletes\":8,\"numAthletesCompeting\":4,\"legs\":[\"800\",\"800\",\"800\",\"800\"]}', ''),
(308, 66, 308, b'1', '{\"numAthletes\":6,\"numAthletesCompeting\":3,\"legs\":[\"1000\",\"1000\",\"1000\"]}', ''),
(309, 67, 309, b'1', '{\"numAthletes\":8,\"numAthletesCompeting\":4,\"legs\":[\"1500\",\"1500\",\"1500\",\"1500\"]}', ''),
(310, 68, 310, b'1', '{\"numAthletes\":8,\"numAthletesCompeting\":4,\"legs\":[\"800\",\"400\",\"200\",\"\"]}', ''),
(311, 69, 311, b'1', '{\"numAthletes\":6,\"numAthletesCompeting\":3,\"legs\":null}', ''),
(500, 78, 500, b'0', '{\"weight\":2000}', '2 kg'),
(501, 81, 501, b'0', '{\"weight\":2000}', '2 kg'),
(502, 78, 502, b'1', '{\"weight\":2500}', '2.5 kg'),
(503, 81, 503, b'1', '{\"weight\":2500}', '2.5 kg'),
(504, 78, 504, b'1', '{\"weight\":3000}', '3 kg'),
(505, 81, 505, b'1', '{\"weight\":3000}', '3 kg'),
(506, 78, 506, b'1', '{\"weight\":4000}', '4 kg'),
(507, 81, 507, b'1', '{\"weight\":4000}', '4 kg'),
(508, 78, 508, b'1', '{\"weight\":5000}', '5 kg'),
(509, 81, 509, b'1', '{\"weight\":5000}', '5 kg'),
(510, 78, 510, b'1', '{\"weight\":6000}', '6 kg'),
(511, 81, 511, b'1', '{\"weight\":6000}', '6 kg'),
(512, 78, 512, b'1', '{\"weight\":7260}', '7.26 kg'),
(513, 81, 513, b'1', '{\"weight\":7260}', '7.26 kg'),
(520, 79, 520, b'1', '{\"weight\":400}', '400 g'),
(522, 79, 522, b'1', '{\"weight\":500}', '500 g'),
(524, 79, 524, b'1', '{\"weight\":600}', '600 g'),
(526, 79, 526, b'1', '{\"weight\":700}', '700 g'),
(528, 79, 528, b'1', '{\"weight\":800}', '800 g'),
(540, 80, 540, b'1', '{\"weight\":80}', '80 g'),
(542, 80, 542, b'1', '{\"weight\":200}', '200 g'),
(550, 82, 550, b'1', '{\"weight\":750}', '0.75 kg'),
(552, 82, 552, b'1', '{\"weight\":1000}', '1 kg'),
(554, 82, 554, b'1', '{\"weight\":1500}', '1.5 kg'),
(556, 82, 556, b'1', '{\"weight\":1750}', '1.75 kg'),
(558, 82, 558, b'1', '{\"weight\":2000}', '2 kg'),
(560, 83, 560, b'1', '{\"weight\":2000}', '2 kg'),
(562, 83, 562, b'1', '{\"weight\":3000}', '3 kg'),
(564, 83, 564, b'1', '{\"weight\":4000}', '4 kg'),
(566, 83, 566, b'1', '{\"weight\":5000}', '5 kg'),
(568, 83, 568, b'1', '{\"weight\":6000}', '6 kg'),
(570, 83, 570, b'1', '{\"weight\":7260}', '7.26 kg'),
(600, 84, 600, b'1', '{}', ''),
(601, 85, 601, b'1', '{}', ''),
(604, 88, 604, b'1', '{}', ''),
(605, 89, 605, b'1', '{}', ''),
(620, 86, 620, b'1', '{}', ''),
(621, 87, 621, b'1', '{}', ''),
(640, 2, 640, b'1', '{}', ''),
(641, 4, 641, b'1', '{}', ''),
(660, 1, 660, b'1', '{}', ''),
(661, 3, 661, b'1', '{}', '');


INSERT INTO `basedisciplinelocalizations` (`xDisciplinesLocalization`, `xBaseDiscipline`, `language`, `name`, `shortname`) VALUES
(1, 1, 'de', 'Stabhochsprung', 'Stab'),
(2, 2, 'de', 'Hochsprung', 'Hoch'),
(4, 37, 'de', '1 Meile', 'Meile'),
(5, 38, 'de', '1 Meile', 'Meile'),
(6, 48, 'de', 'Halbmarathon', '21k'),
(7, 48, 'fr', 'Demimarathon', '21k'),
(8, 48, 'it', 'Mezza maratone', '21k'),
(10, 50, 'it', 'Maratona', '42k'),
(11, 13, 'de', '60 m Hürden', '60H'),
(12, 13, 'fr', '60 m Haies', '60H'),
(13, 13, 'it', '60 m Ostacoli', '60O'),
(14, 52, 'de', '50 m Hürden', '50H'),
(15, 52, 'it', '50 m Ostacoli', '50O'),
(16, 52, 'fr', '50 m Haies', '50H'),
(17, 53, 'de', '60 m Hürden', '60H'),
(18, 53, 'it', '60 m Ostacoli', '60O'),
(19, 53, 'fr', '60 m Haies', '60H'),
(20, 54, 'de', '80 m Hürden', '80H'),
(21, 54, 'fr', '80 m Haies', '80H'),
(22, 54, 'it', '80 m Ostacoli', '80O'),
(23, 55, 'de', '100 m Hürden', '100H'),
(24, 55, 'it', '100 m Ostacoli', '100O'),
(25, 55, 'fr', '100 m Haies', '100H'),
(26, 56, 'de', '110 m Hürden', '110H'),
(27, 56, 'it', '110 m Ostacoli', '100O'),
(28, 56, 'fr', '110 m Haies', '110H'),
(29, 20, 'it', '300 m Ostacoli', '300O'),
(30, 20, 'de', '300 m Hürden', '300H'),
(31, 20, 'fr', '300 m Haies', '300H'),
(32, 57, 'fr', '400 m Haies', '400H'),
(33, 57, 'de', '400 m Hürden', '400H'),
(34, 57, 'it', '400 m Ostacoli', '400O'),
(35, 59, 'de', '5x Frei', '5xFrei'),
(36, 59, 'fr', '5x Libre', '5xLibre'),
(37, 59, 'it', '5x Libero', '5xLibero'),
(38, 58, 'de', '6x Frei', '6xFrei'),
(39, 58, 'it', '6x Libero', '6xLibero'),
(40, 58, 'fr', '6x Libre', '6xLibre'),
(41, 68, 'de', 'Olympische', 'Olympische'),
(42, 68, 'fr', 'Olympique', 'Olympique'),
(43, 68, 'it', 'Olimpica', 'Olimpica'),
(44, 87, 'de', 'Dreisprung', 'Drei'),
(45, 87, 'fr', 'Triple Saut', 'Triple'),
(46, 87, 'it', 'Salto Triplo', 'Triplo'),
(47, 86, 'de', 'Dreisprung', 'Drei'),
(48, 86, 'fr', 'Triple Saut', 'Triple'),
(49, 86, 'it', 'Salto Triplo', 'Triplo'),
(50, 81, 'de', 'Kugelstossen', 'Kugel'),
(51, 81, 'fr', 'Lancer du Poids', 'Poids'),
(52, 81, 'it', 'Getto del Peso', 'Peso'),
(53, 78, 'de', 'Kugelstossen', 'Kugel'),
(54, 78, 'it', 'Getto del Peso', 'Peso'),
(55, 78, 'fr', 'Lancer du Poids', 'Poids'),
(56, 3, 'de', 'Stabhochsprung', 'Stab'),
(57, 3, 'fr', 'Saut à la Perche', 'Perche'),
(58, 3, 'it', 'Salto con l\'asta', 'Asta'),
(59, 1, 'it', 'Salto con l\'Asta', 'Asta'),
(60, 1, 'fr', 'Saut à la Perche', 'Perche'),
(61, 79, 'de', 'Speerwurf', 'Speer'),
(62, 79, 'fr', 'Lancer du javelot', 'Javelot'),
(63, 79, 'it', 'Lancio del Giavellotto', 'Giavellotto'),
(64, 4, 'de', 'Hochsprung', 'Hoch'),
(65, 4, 'fr', 'Saut en hauteur', 'Hauteur'),
(66, 4, 'it', 'Salto in Alto', 'Alto'),
(67, 2, 'it', 'Salto in Alto', 'Alto'),
(68, 2, 'fr', 'Saut en Hauteur', 'Hauteur'),
(69, 83, 'de', 'Hammerwurf', 'Hammer'),
(70, 83, 'fr', 'Lancer du Marteau', 'Marteau'),
(71, 83, 'it', 'Lancio del Martello', 'Martello'),
(72, 82, 'de', 'Diskuswurf', 'Diskus'),
(73, 82, 'fr', 'Lancer du Disque', 'Disque'),
(74, 82, 'it', 'Lancio del Disco', 'Disco'),
(75, 80, 'de', 'Ballwurf', 'Ball'),
(76, 80, 'fr', 'Lancer de la Balle', 'Balle'),
(77, 80, 'it', 'Lancio della Pallina', 'Pallina'),
(78, 84, 'de', 'Weitsprung', 'Weit'),
(79, 84, 'fr', 'Saut en Longueur', 'Longueur'),
(80, 84, 'it', 'Salto in Lungo', 'Lungo'),
(81, 85, 'it', 'Salto in Lungo', 'Lungo'),
(82, 85, 'fr', 'Saut en Longueur', 'Longueur'),
(83, 85, 'de', 'Weitsprung', 'Weit'),
(84, 88, 'it', 'Salto in Lungo (Zona) ', 'Lungo (Zona)'),
(85, 88, 'de', 'Weitsprung (Zone)', 'Weit (Zone)'),
(86, 88, 'fr', 'Saut en Longueur (Zone)', 'Longueur (Zone)'),
(87, 89, 'it', 'Salto in Lungo (Zona)', 'Lungo (Zona)'),
(88, 89, 'fr', 'Saut en Longueur (Zone)', 'Longueur (Zone)'),
(89, 89, 'de', 'Weitsprung (Zone)', 'Weit (Zone)');
