-- MariaDB dump 10.19  Distrib 10.6.5-MariaDB, for Win64 (AMD64)
--
-- Host: localhost    Database: a2DBDisz
-- ------------------------------------------------------
-- Server version	10.6.5-MariaDB

/*!40101 SET @OLD_CHARACTER_SET_CLIENT=@@CHARACTER_SET_CLIENT */;
/*!40101 SET @OLD_CHARACTER_SET_RESULTS=@@CHARACTER_SET_RESULTS */;
/*!40101 SET @OLD_COLLATION_CONNECTION=@@COLLATION_CONNECTION */;
/*!40101 SET NAMES utf8mb4 */;
/*!40103 SET @OLD_TIME_ZONE=@@TIME_ZONE */;
/*!40103 SET TIME_ZONE='+00:00' */;
/*!40014 SET @OLD_UNIQUE_CHECKS=@@UNIQUE_CHECKS, UNIQUE_CHECKS=0 */;
/*!40014 SET @OLD_FOREIGN_KEY_CHECKS=@@FOREIGN_KEY_CHECKS, FOREIGN_KEY_CHECKS=0 */;
/*!40101 SET @OLD_SQL_MODE=@@SQL_MODE, SQL_MODE='NO_AUTO_VALUE_ON_ZERO' */;
/*!40111 SET @OLD_SQL_NOTES=@@SQL_NOTES, SQL_NOTES=0 */;

--
-- Table structure for table `athletes`
--

DROP TABLE IF EXISTS `athletes`;
/*!40101 SET @saved_cs_client     = @@character_set_client */;
/*!40101 SET character_set_client = utf8 */;
CREATE TABLE `athletes` (
  `xAthlete` int(10) unsigned NOT NULL AUTO_INCREMENT,
  `lastname` varchar(100) NOT NULL DEFAULT '',
  `forename` varchar(100) NOT NULL DEFAULT '',
  `birthdate` date NOT NULL DEFAULT '1900-01-01',
  `sex` enum('f','m') DEFAULT 'f',
  `xClub` int(10) unsigned NOT NULL,
  `license` int(10) unsigned NOT NULL DEFAULT 0,
  `licenseType` tinyint(3) unsigned NOT NULL DEFAULT 0,
  `xRegion` int(10) unsigned NOT NULL,
  `xInscription` int(10) unsigned NOT NULL,
  PRIMARY KEY (`xAthlete`),
  KEY `fk_athlete_club1_idx` (`xClub`),
  KEY `fk_athlete_regions1_idx` (`xRegion`),
  KEY `fk_athletes_inscriptions1_idx` (`xInscription`),
  CONSTRAINT `fk_athlete_club1` FOREIGN KEY (`xClub`) REFERENCES `clubs` (`xClub`) ON DELETE NO ACTION ON UPDATE NO ACTION,
  CONSTRAINT `fk_athlete_regions1` FOREIGN KEY (`xRegion`) REFERENCES `regions` (`xRegion`) ON DELETE NO ACTION ON UPDATE NO ACTION,
  CONSTRAINT `fk_athletes_inscriptions1` FOREIGN KEY (`xInscription`) REFERENCES `inscriptions` (`xInscription`) ON DELETE CASCADE ON UPDATE NO ACTION
) ENGINE=InnoDB AUTO_INCREMENT=2015 DEFAULT CHARSET=utf8mb3 COMMENT='without license = manually entered\nnot included compared to old DB:\nAdress, Plz, Ort, Email, Athleticagen, bezahlt';
/*!40101 SET character_set_client = @saved_cs_client */;

--
-- Dumping data for table `athletes`
--

LOCK TABLES `athletes` WRITE;
/*!40000 ALTER TABLE `athletes` DISABLE KEYS */;
INSERT INTO `athletes` VALUES (3,'Hercigonja','Bianca','2002-01-01','f',635,0,0,1,4),(1005,'Aaltonen','Sofia','1998-09-28','f',636,155656,0,1,100),(1006,'Aase','Cara','2005-01-11','f',636,152900,0,1,101),(1007,'Aase','Kolbjörn','1967-03-16','m',636,145217,0,1,102),(1008,'Aase','Lina','2010-02-15','f',636,175943,0,1,103),(1009,'Aase','Njaal','2001-11-21','m',636,142148,0,1,104),(1010,'Abächerli','David','1992-07-25','m',636,149829,0,1,105),(1011,'Abaidia','Selma','2006-01-03','f',636,246239,0,1,106),(1012,'Abajobir','Meriem','2009-12-17','f',636,247885,0,1,107),(1013,'Abazovic','Denija','2008-04-21','f',636,244772,0,1,108),(1014,'Abba','Gabriele','2002-01-09','m',636,162321,0,1,109),(1015,'Abbate','Yanic','2005-06-17','m',636,245207,0,1,110),(1016,'Abbati','Maxime-Romain','2002-07-09','m',636,170594,0,1,111),(1017,'Abbe','Anthony','1999-01-06','m',636,144102,0,1,112),(1018,'Abbet','Adrien','2001-04-26','m',636,161193,0,1,113),(1019,'Abbet','Laura','2007-09-15','f',636,172912,0,1,114),(1020,'Abbet','Martin','2008-04-11','m',636,171241,0,1,115),(1021,'Abbet','Mireille','2006-06-08','f',636,168663,0,1,116),(1022,'Abbet','Pauline','2010-08-13','f',636,252258,0,1,117),(1023,'Abboud','Alya','2012-02-16','f',636,255550,0,1,118),(1024,'Abbühl','Andreas','2000-01-26','m',636,145787,0,1,119),(1025,'Abbühl','Christian','1997-09-23','m',636,141960,0,1,120),(1026,'Abbühl','Jael','2011-09-26','f',636,254208,0,1,121),(1027,'Abbühl','Len','2010-11-21','m',636,254253,0,1,122),(1028,'Abbühl','Linda','2007-04-04','f',636,168203,0,1,123),(1029,'Abbühl','Nils','2008-07-29','m',636,252774,0,1,124),(1030,'Abbühl','Til','2008-10-29','m',636,246180,0,1,125),(1031,'Abbühl','Vanessa','1999-09-29','f',636,154558,0,1,126),(1032,'Abd Elhai','Karim','2007-03-25','m',636,168167,0,1,127),(1033,'Abdallah','Patrik','1999-04-29','m',636,143688,0,1,128),(1034,'Abdaoui','Aicha','2004-11-07','f',636,253347,0,1,129),(1035,'Abderhalden','Livia','2004-12-18','f',636,160918,0,1,130),(1036,'Abderhalden','Lukas','2001-06-11','m',636,141055,0,1,131),(1037,'Abderhalden','Rian','2006-08-18','m',636,169365,0,1,132),(1038,'Abdi','Kamil','2004-03-13','m',636,254188,0,1,133),(1039,'Abdi Jama','Mohamed','1988-10-30','m',636,151991,0,1,134),(1040,'Abdi Jama','Sharmarke','2000-10-05','m',636,250478,0,1,135),(1041,'Abdirisak','Ismail','1998-04-30','m',636,158890,0,1,136),(1042,'Abdoullahi','Ayaan','2009-05-03','f',636,167284,0,1,137),(1043,'Abdoullahi','Samawada','2007-03-08','f',636,166393,0,1,138),(1044,'Abdul Nasir','Baba Jan','2007-01-01','m',636,251687,0,1,139),(1045,'Abdula','Ilyas','2011-10-26','m',636,256809,0,1,140),(1046,'Abegg','Jasmin','2006-04-17','f',636,249805,0,1,141),(1047,'Abegg','Leonie','2011-08-04','f',636,254938,0,1,142),(1048,'Abegg','Mia','2008-04-27','f',636,249702,0,1,143),(1049,'Abegg','Nevio','2011-03-25','m',636,252256,0,1,144),(1050,'Abegg','Sonja','2005-03-13','f',636,246019,0,1,145),(1051,'Abegg','Sybill','2005-03-13','f',636,246018,0,1,146),(1052,'Abegg','Yvonne','1993-03-03','f',636,129990,0,1,147),(1053,'Abegglen','Diana','1995-04-25','f',636,171624,0,1,148),(1054,'Abegglen','Jari','2007-02-05','m',636,174224,0,1,149),(1055,'Abegglen','Nora','2008-05-26','f',636,171604,0,1,150),(1056,'Abegglen','Olivia','1992-06-02','f',636,145265,0,1,151),(1057,'Abel','Colin','2008-06-07','m',636,244331,0,1,152),(1058,'Abel','Fabia','2003-02-09','f',636,149026,0,1,153),(1059,'Abel','Jana','2000-08-07','f',636,144428,0,1,154),(1060,'Abel','Viola','2005-12-10','f',636,162248,0,1,155),(1061,'Abeng Nuanga (Vuagniaux)','Jennifer','2002-01-18','f',636,157662,0,1,156),(1062,'Abera Dadi','Fikru','1990-04-23','m',636,171323,0,1,157),(1063,'Aberia','Jorizlyn','2010-04-02','f',636,252906,0,1,158),(1064,'Aberra','Abusha','1987-09-12','m',636,167235,0,1,159),(1065,'Abeyie','Tim','1982-11-07','m',636,148137,0,1,160),(1066,'Abgaryan-Soto','Pau','2009-05-16','m',636,255039,0,1,161),(1067,'Abgottspon','Anja','1992-05-08','f',636,126965,0,1,162),(1068,'Abgottspon','Jonas','1998-05-17','m',636,145835,0,1,163),(1069,'Abgottspon','Lucas','2004-08-11','m',636,165359,0,1,164),(1070,'Abiassi','Angélique','1997-02-04','f',636,159301,0,1,165),(1071,'Abicht','Lasse','2009-01-02','m',636,176500,0,1,166),(1072,'Abicht','Linus','2006-12-01','m',636,169637,0,1,167),(1073,'Abid','Alexandre','2009-04-07','m',636,245362,0,1,168),(1074,'Abid','Amine','2007-01-09','m',636,245361,0,1,169),(1075,'Abid','Soumaya','2010-11-26','f',636,245363,0,1,170),(1076,'Abosa','Emebet','1974-09-12','f',636,100590,0,1,171),(1077,'Abraham','Bereket','2008-05-08','m',636,249166,0,1,172),(1078,'Abraham','Elod','2011-02-22','m',636,255794,0,1,173),(1079,'Abraham','Milka','2003-04-25','f',636,255714,0,1,174),(1080,'Abraham','Samuel','2000-02-01','m',636,247002,0,1,175),(1081,'Abraham','Tadesse','1982-08-12','m',636,104438,0,1,176),(1082,'Abramowski','Zoé','2002-08-28','f',636,248318,0,1,177),(1083,'Abrantes','Catarina','2006-02-18','f',636,171268,0,1,178),(1084,'Abreu de Aquino','Mateus','2002-05-22','m',636,144695,0,1,179),(1085,'Abt','Céline','1997-01-01','f',636,138219,0,1,180),(1086,'Abt','Flavio','2001-04-07','m',636,163670,0,1,181),(1087,'Abt','Jil','2005-05-11','f',636,169712,0,1,182),(1088,'Abt','Leana','2003-07-18','f',636,167817,0,1,183),(1089,'Abt','Lia','1992-05-02','f',636,125437,0,1,184),(1090,'Abt','Vania','2004-07-01','f',636,160967,0,1,185),(1091,'Abtegergish','Siem','2009-03-06','m',636,247990,0,1,186),(1092,'A\'Campo','Lambert','1997-06-27','m',636,141894,0,1,187),(1093,'Acar','Vera','2009-07-27','f',636,256386,0,1,188),(1094,'Accogli','Arianna','1995-01-21','f',636,153074,0,1,189),(1095,'Accola','Ladina','1992-01-01','f',636,128977,0,1,190),(1096,'Accorinti','Siro','1997-08-02','m',636,136697,0,1,191),(1097,'Achempem','Bill','1995-05-21','m',636,154331,0,1,192),(1098,'Achermann','Cedric','2002-03-04','m',636,150750,0,1,193),(1099,'Achermann','Cornel','2001-05-30','m',636,160065,0,1,194),(1100,'Achermann','Dominic','1995-02-05','m',636,136677,0,1,195),(1101,'Achermann','Elena','1995-06-21','f',636,133162,0,1,196),(1102,'Achermann','Elias','2000-07-20','m',636,144589,0,1,197),(1103,'Achermann','Elvira','1999-09-03','f',636,154455,0,1,198),(1104,'Achermann','Esther','1992-04-21','f',636,126709,0,1,199),(1105,'Achermann','Florian','1992-08-02','m',636,153339,0,1,200),(1106,'Achermann','Jennifer','1999-05-24','f',636,144173,0,1,201),(1107,'Achermann','Kevin','2006-11-24','m',636,158683,0,1,202),(1108,'Achermann','Lara','1997-08-06','f',636,137173,0,1,203),(1109,'Achermann','Lea','2001-04-22','f',636,161994,0,1,204),(1110,'Achermann','Mirjam','1993-02-09','f',636,129503,0,1,205),(1111,'Achermann','Nadja','1995-02-06','f',636,139340,0,1,206),(1112,'Achermann','Pascal','1993-03-09','m',636,162880,0,1,207),(1113,'Achermann','Patricia','1994-06-15','f',636,135649,0,1,208),(1114,'Achermann','Rahel','1998-05-26','f',636,144590,0,1,209),(1115,'Achermann','Rebecca','1996-11-16','f',636,132312,0,1,210),(1116,'Achermann','Regula','1983-04-08','f',636,150651,0,1,211),(1117,'Achermann','Selina','2003-06-29','f',636,158696,0,1,212),(1118,'Achermann','Sina','2006-03-04','f',636,252155,0,1,213),(1119,'Achleitner','Jannick','1993-11-10','m',636,138837,0,1,214),(1120,'Achmüller','Sheryn','2004-04-30','f',636,167322,0,1,215),(1121,'Achoumi','Samira','2000-07-04','f',636,157869,0,1,216),(1122,'Achouri','Kevin','1990-09-15','m',636,150576,0,1,217),(1123,'Achtel','Gerhard','1990-04-23','m',636,154693,0,1,218),(1124,'Achtel','Linda','1991-09-18','f',636,246702,0,1,219),(1125,'Acker','Björn','2006-07-16','m',636,244949,0,1,220),(1126,'Ackeret','Christian','1988-06-28','m',636,129398,0,1,221),(1127,'Ackermann','Adrian','1998-01-24','m',636,140628,0,1,222),(1128,'Ackermann','Carol','2006-03-12','f',636,171299,0,1,223),(1129,'Ackermann','Celine','2012-03-04','f',636,255467,0,1,224),(1130,'Ackermann','Elena','2000-06-19','f',636,162857,0,1,225),(1131,'Ackermann','Irina','2002-02-26','f',636,170621,0,1,226),(1132,'Ackermann','Jack','1997-06-21','m',636,162235,0,1,227),(1133,'Ackermann','Joy','2009-07-08','f',636,174554,0,1,228),(1134,'Ackermann','Ladina','2009-05-16','f',636,256545,0,1,229),(1135,'Ackermann','Lucie','2009-03-04','f',636,255256,0,1,230),(1136,'Ackermann','Lukas','1998-01-04','m',636,159089,0,1,231),(1137,'Ackermann','Luna','2012-12-28','f',636,252795,0,1,232),(1138,'Ackermann','Maëlle','2007-12-08','f',636,253817,0,1,233),(1139,'Ackermann','Marco','1998-10-23','m',636,143305,0,1,234),(1140,'Ackermann','Mélissa','1996-04-02','f',636,132354,0,1,235),(1141,'Ackermann','Michael','1990-11-20','m',636,104402,0,1,236),(1142,'Ackermann','Natalie','2010-03-22','f',636,255468,0,1,237),(1143,'Ackermann','Nicola','1997-10-02','m',636,158476,0,1,238),(1144,'Ackermann','Noelia','2007-03-16','f',636,174555,0,1,239),(1145,'Ackermann','Ramona','1997-05-13','f',636,130903,0,1,240),(1146,'Ackermann','Sandra','1989-08-06','f',636,37318,0,1,241),(1147,'Ackermann','Sandro','1992-09-11','m',636,130810,0,1,242),(1148,'Ackermann','Silas','2008-03-22','m',636,255464,0,1,243),(1149,'Ackermann','Simea','2009-03-09','f',636,249410,0,1,244),(1150,'Ackermann-Schmid','Michèle','1980-06-16','f',636,22302,0,1,245),(1151,'Ackle','Beat','1964-11-30','m',636,4265,0,1,246),(1152,'Acklin','Curdin','2004-08-06','m',636,168180,0,1,247),(1153,'Acklin','Jessica','2008-02-10','f',636,167217,0,1,248),(1154,'Acklin','Lucia','2006-08-25','f',636,160103,0,1,249),(1155,'Acklin','Randy','2009-06-21','m',636,249778,0,1,250),(1156,'Acone','Kristyna','2004-10-15','f',636,163799,0,1,251),(1157,'Acton','Alan','2004-12-06','m',636,148070,0,1,252),(1158,'Acton','Alice','2007-05-31','f',636,168059,0,1,253),(1159,'Adam','Aline','2005-10-08','f',636,171300,0,1,254),(1160,'Adam','Jael','2003-06-29','f',636,163022,0,1,255),(1161,'Adam','Kim Naomi','2000-09-16','f',636,148307,0,1,256),(1162,'Adam','Michelle','2008-06-20','f',636,245171,0,1,257),(1163,'Adamek','Selina','2000-01-27','f',636,160677,0,1,258),(1164,'Adank','Corina','2000-03-16','f',636,244928,0,1,259),(1165,'Adank','Marco','1982-04-17','m',636,34361,0,1,260),(1166,'Adank','Patrick','1991-01-06','m',636,123180,0,1,261),(1167,'Adank','Ramona','2004-09-18','f',636,248623,0,1,262),(1168,'Adarraga','Robert','2000-09-05','m',636,176227,0,1,263),(1169,'Adarraga','Rodrigo','1961-09-10','m',636,247403,0,1,264),(1170,'Adathala','Alsha','1995-06-09','f',636,130496,0,1,265),(1171,'Adathala','Ashal','1995-06-09','m',636,130453,0,1,266),(1172,'Adatte','Johan','1990-06-23','m',636,135524,0,1,267),(1173,'Addeo','Gillian','2005-11-02','m',636,161300,0,1,268),(1174,'Addeo','Valerio','2004-06-29','m',636,244967,0,1,269),(1175,'Addor','Larissa','2002-01-29','f',636,166934,0,1,270),(1176,'Adeboye','Jimmy','2008-06-06','m',636,174970,0,1,271),(1177,'Adel','Isabelle','2004-12-30','f',636,161066,0,1,272),(1178,'Adel','Katelyn','2002-10-23','f',636,257535,0,1,273),(1179,'Adel','Victoria','2007-08-30','f',636,244115,0,1,274),(1180,'Adelmann','Chantal','1997-06-04','f',636,154239,0,1,275),(1181,'Adelmann','Leandra','2001-05-18','f',636,162610,0,1,276),(1182,'Ademoski','Senada','1991-12-08','f',636,126740,0,1,277),(1183,'Aderneuer','Tamara','1990-10-24','f',636,170713,0,1,278),(1184,'Adhanom','Abraham','2004-01-01','m',636,174470,0,1,279),(1185,'Adhanom','Siem','2009-02-02','m',636,246193,0,1,280),(1186,'Adili','Yasmin','1994-12-24','f',636,139388,0,1,281),(1187,'Adin','Shaina','1995-07-09','f',636,127464,0,1,282),(1188,'Adjaouté','Maëline','2003-12-31','f',636,156679,0,1,283),(1189,'Adjei','Margnita','2003-05-20','f',636,175656,0,1,284),(1190,'Adjesson','Evi','2013-02-05','f',636,256815,0,1,285),(1191,'Adler','Aurel','1992-03-14','m',636,127122,0,1,286),(1192,'Adler','Janosch','1998-01-09','m',636,163601,0,1,287),(1193,'Adler','Michael','2000-06-10','m',636,147290,0,1,288),(1194,'Adlide','Jessie','1998-10-24','f',636,143470,0,1,289),(1195,'Adriano','Jan','1989-09-02','m',636,100888,0,1,290),(1196,'Adrion','Anett','2007-04-30','f',636,174242,0,1,291),(1197,'Adzayi','Essenam Yevossi','2013-06-03','f',636,255148,0,1,292),(1198,'Adzayi','Sandra','1989-06-01','f',636,126763,0,1,293),(1199,'Aeberhard','Maëlle','2004-10-21','f',636,245981,0,1,294),(1200,'Aeberhard','Mario','2005-11-03','m',636,250185,0,1,295),(1201,'Aeberhard','Nadia','1992-10-15','f',636,129466,0,1,296),(1202,'Aeberhard','Nils','2009-01-27','m',636,172295,0,1,297),(1203,'Aeberhard','Ramona','1993-02-03','f',636,128156,0,1,298),(1204,'Aeberhard','Ramona','2008-04-01','f',636,250186,0,1,299),(1205,'Aeberhard','Ramona','1993-02-03','f',636,128156,0,1,300),(1206,'Aeberhard','Ramona','2008-04-01','f',636,250186,0,1,301),(1207,'Aeberhard','Ramona','1993-02-03','f',636,128156,0,1,302),(1208,'Aeberhard','Ramona','2008-04-01','f',636,250186,0,1,303),(1209,'Aeberhard','Ramona','1993-02-03','f',636,128156,0,1,304),(1210,'Aeberhard','Ramona','2008-04-01','f',636,250186,0,1,305),(1211,'Aeberhard','Ramona','1993-02-03','f',636,128156,0,1,306),(1212,'Aeberhard','Siri','2011-07-05','f',636,247929,0,1,307),(1213,'Aeberhard','Tim','1994-01-21','m',636,136603,0,1,308),(1214,'Aeberhard','Yael','2008-09-12','f',636,254143,0,1,309),(1215,'Aeberhardt','Alina','2007-06-06','f',636,166455,0,1,310),(1216,'Aeberhardt','Carmen','1994-01-01','f',636,130257,0,1,311),(1217,'Aeberhardt','Jasmin','2003-01-02','f',636,173201,0,1,312),(1218,'Aeberhardt','Manuel','1996-01-01','m',636,127982,0,1,313),(1219,'Aeberhardt','Ramon','1999-10-06','m',636,136513,0,1,314),(1220,'Aeberli','Dan','2006-10-17','m',636,244556,0,1,315),(1221,'Aeberli','Joséline','2006-07-11','f',636,246078,0,1,316),(1222,'Aebersold','Florian','2001-02-21','m',636,141856,0,1,317),(1223,'Aebersold','Ilena','2000-08-11','f',636,168074,0,1,318),(1224,'Aebersold','Janis','2007-06-11','m',636,170686,0,1,319),(1225,'Aebersold','Kerstin','1999-12-05','f',636,175933,0,1,320),(1226,'Aebersold','Maël Luca','2007-12-29','m',636,244055,0,1,321),(1227,'Aebersold','Moritz','1999-05-16','m',636,130010,0,1,322),(1228,'Aebersold-Schütz','Gabi','1965-03-16','f',636,13770,0,1,323),(1229,'Aebi','ambre','2001-05-31','f',636,156817,0,1,324),(1230,'Aebi','Andres','2004-12-10','m',636,166364,0,1,325),(1231,'Aebi','Ann-Kathrin','1987-09-08','f',636,34172,0,1,326),(1232,'Aebi','Anouk','1995-10-13','f',636,132267,0,1,327),(1233,'Aebi','Barbara','2006-06-09','f',636,166365,0,1,328),(1234,'Aebi','Ben','2010-07-02','m',636,253590,0,1,329),(1235,'Aebi','Bettina','1990-12-28','f',636,104324,0,1,330),(1236,'Aebi','Céline','1996-04-18','f',636,147949,0,1,331),(1237,'Aebi','Céline','2000-07-31','f',636,152423,0,1,332),(1238,'Aebi','Céline','1996-04-18','f',636,147949,0,1,333),(1239,'Aebi','Céline','2000-07-31','f',636,152423,0,1,334),(1240,'Aebi','Céline','1996-04-18','f',636,147949,0,1,335),(1241,'Aebi','Christoph','2000-07-31','m',636,150853,0,1,336),(1242,'Aebi','Eric','1994-12-08','m',636,147902,0,1,337),(1243,'Aebi','Jamila','2008-09-08','f',636,174619,0,1,338),(1244,'Aebi','Maëlle','2009-08-30','f',636,247820,0,1,339),(1245,'Aebi','Mara','2006-06-19','f',636,174702,0,1,340),(1246,'Aebi','Marc','1993-09-28','m',636,152058,0,1,341),(1247,'Aebi','Marion','1993-01-01','f',636,159095,0,1,342),(1248,'Aebi','Melissa','2005-03-05','f',636,169992,0,1,343),(1249,'Aebi','Michelle','1993-01-12','f',636,128534,0,1,344),(1250,'Aebi','Sandra','1995-01-04','f',636,128559,0,1,345),(1251,'Aebi','Saskia','2000-03-29','f',636,142962,0,1,346),(1252,'Aebischer','Adrienne','2001-01-16','f',636,143136,0,1,347),(1253,'Aebischer','Anna Lea','2000-09-20','f',636,159875,0,1,348),(1254,'Aebischer','Auriane','2000-12-14','f',636,141166,0,1,349),(1255,'Aebischer','Céline','2002-04-10','f',636,160466,0,1,350),(1256,'Aebischer','Christophe','1995-04-22','m',636,140987,0,1,351),(1257,'Aebischer','Cyrill','1998-11-30','m',636,138209,0,1,352),(1258,'Aebischer','Elena','2012-02-06','f',636,254581,0,1,353),(1259,'Aebischer','Elisa','1996-01-29','f',636,133341,0,1,354),(1260,'Aebischer','Emilie','2006-05-01','f',636,170291,0,1,355),(1261,'Aebischer','Evelyn','2004-02-21','f',636,160467,0,1,356),(1262,'Aebischer','Fabienne','1993-02-20','f',636,123152,0,1,357),(1263,'Aebischer','Fionn','2009-10-20','m',636,250518,0,1,358),(1264,'Aebischer','Isabelle','1994-03-30','f',636,135092,0,1,359),(1265,'Aebischer','Janis','2006-06-21','m',636,166082,0,1,360),(1266,'Aebischer','Jasmin','1992-03-07','f',636,126014,0,1,361),(1267,'Aebischer','Joana','2006-03-26','f',636,160378,0,1,362),(1268,'Aebischer','Julia','1996-12-08','f',636,135091,0,1,363),(1269,'Aebischer','Kevin','2003-06-18','m',636,167567,0,1,364),(1270,'Aebischer','Lorine','2009-12-07','f',636,254582,0,1,365),(1271,'Aebischer','Lucienne','2008-10-01','f',636,244399,0,1,366),(1272,'Aebischer','Lucy','1998-11-05','f',636,136924,0,1,367),(1273,'Aebischer','Michael','1992-03-11','m',636,126009,0,1,368),(1274,'Aebischer','Nico','1998-05-01','m',636,142194,0,1,369),(1275,'Aebischer','Nora','2004-12-05','f',636,169070,0,1,370),(1276,'Aebischer','Pauline','1996-04-20','f',636,152655,0,1,371),(1277,'Aebischer','Robin','2006-11-12','m',636,172156,0,1,372),(1278,'Aebischer','Romane','2006-03-01','f',636,256017,0,1,373),(1279,'Aebischer','Sara','2003-04-01','f',636,158708,0,1,374),(1280,'Aebischer','Valérie','1997-03-14','f',636,142918,0,1,375),(1281,'Aebischer','Vera','1999-02-20','f',636,153240,0,1,376),(1282,'Aebli','Andrin','1990-02-11','m',636,101645,0,1,377),(1283,'Aebli','Ben','2012-11-04','m',636,251581,0,1,378),(1284,'Aebli','Celia','2001-12-23','f',636,144635,0,1,379),(1285,'Aebli','Lars','2003-02-19','m',636,244983,0,1,380),(1286,'Aebli','Niklas Jarome','2007-10-11','m',636,163976,0,1,381),(1287,'Aebli','Roxanne','1999-02-20','f',636,137430,0,1,382),(1288,'Aeby','Angelina','2003-12-13','f',636,154982,0,1,383),(1289,'Aeby','Elia','2001-07-13','m',636,167701,0,1,384),(1290,'Aeby','Jan','2008-03-17','m',636,169670,0,1,385),(1291,'Aeby','Jana','2008-01-01','f',636,176126,0,1,386),(1292,'Aeby','Jason','2005-04-08','m',636,165381,0,1,387),(1293,'Aeby','Lula','1998-12-01','f',636,133703,0,1,388),(1294,'Aeby','Maëlle','1997-01-28','f',636,140215,0,1,389),(1295,'Aeby','Melina','2000-01-07','f',636,143134,0,1,390),(1296,'Aeby','Steve','1985-01-24','m',636,28866,0,1,391),(1297,'Aeby','Tim','2006-06-13','m',636,169669,0,1,392),(1298,'Aeby','Vanja','2008-07-13','f',636,245281,0,1,393),(1299,'Aegerter','Ariana','2006-07-21','f',636,175654,0,1,394),(1300,'Aegerter','Joelle','2002-08-16','f',636,168769,0,1,395),(1301,'Aegerter','Lea-Sophia','2001-09-04','f',636,141159,0,1,396),(1302,'Aegerter','Mauro','2004-05-19','m',636,167814,0,1,397),(1303,'Aegerter','Moritz','2011-11-20','m',636,254331,0,1,398),(1304,'Aellen','Raphael','2001-05-11','m',636,151590,0,1,399),(1305,'Aellig','Anna','1991-06-16','f',636,121752,0,1,400),(1306,'Aellig','Isaura','1988-09-24','f',636,33104,0,1,401),(1307,'Aellig','Jonas','2005-08-06','m',636,257556,0,1,402),(1308,'Aellig','Nicole','1995-03-31','f',636,138035,0,1,403),(1309,'Aellig','Pascal','1995-05-04','m',636,134677,0,1,404),(1310,'Aellig','Sabrina','1997-07-07','f',636,134676,0,1,405),(1311,'Aellig-Urner','Raja','1988-10-23','f',636,154917,0,1,406),(1312,'Aemisegger','Jérémy','2006-01-17','m',636,247071,0,1,407),(1313,'Aemisegger','Mischa','2001-10-28','m',636,145632,0,1,408),(1314,'Aemisegger','Noah','2006-09-28','m',636,169646,0,1,409),(1315,'Aemisegger','Samuel','1998-07-11','m',636,135725,0,1,410),(1316,'Aemmer','Celina','1999-12-20','f',636,141487,0,1,411),(1317,'Aemmer','Julia','1999-12-20','f',636,141488,0,1,412),(1318,'Aemmer','Oliver','1997-11-21','m',636,141961,0,1,413),(1319,'Aepli','Zoé','2007-03-30','f',636,172234,0,1,414),(1320,'Aerne','Nicolas','2004-07-17','m',636,173761,0,1,415),(1321,'Aerni','Alexa','2011-11-07','f',636,254941,0,1,416),(1322,'Aerni','André','2004-05-18','m',636,159022,0,1,417),(1323,'Aerni','David-Nicolas','2002-01-31','m',636,153994,0,1,418),(1324,'Aerni','Dominique','1998-05-10','f',636,139875,0,1,419),(1325,'Aerni','Jana','2000-07-03','f',636,142935,0,1,420),(1326,'Aerni','Jill','2007-01-28','f',636,168127,0,1,421),(1327,'Aerni','Kevin','2005-12-08','m',636,159023,0,1,422),(1328,'Aerni','Ron','2008-12-29','m',636,176440,0,1,423),(1329,'Aerni','Tiago','2008-05-12','m',636,247490,0,1,424),(1330,'Aerni','Till','1999-04-15','m',636,128603,0,1,425),(1331,'Aerni','Tyler','2005-02-05','m',636,162834,0,1,426),(1332,'Aerschmann','Matéo','2006-04-29','m',636,157531,0,1,427),(1333,'Aerschmann','Viola','2002-12-11','f',636,160468,0,1,428),(1334,'Aeschbach','Jérôme','2000-07-22','m',636,246703,0,1,429),(1335,'Aeschbacher','Andrina Lisa','2008-05-28','f',636,168263,0,1,430),(1336,'Aeschbacher','Daniela','1978-01-17','f',636,155456,0,1,431),(1337,'Aeschbacher','Fabian','2006-04-18','m',636,256647,0,1,432),(1338,'Aeschbacher','Martina','2000-07-06','f',636,153423,0,1,433),(1339,'Aeschbacher','Oksana','1998-06-25','f',636,148776,0,1,434),(1340,'Aeschbacher','Yanis','2011-03-28','m',636,256227,0,1,435),(1341,'Aeschimann','Lina','2010-10-01','f',636,252164,0,1,436),(1342,'Aeschimann','Phineas','2008-08-12','m',636,249309,0,1,437),(1343,'Aeschlimann','Alessia','2009-09-17','f',636,250317,0,1,438),(1344,'Aeschlimann','Aline','2011-04-25','f',636,256493,0,1,439),(1345,'Aeschlimann','Chloé','2001-03-26','f',636,153910,0,1,440),(1346,'Aeschlimann','Christian','1995-07-13','m',636,127392,0,1,441),(1347,'Aeschlimann','Clara','2005-06-11','f',636,167870,0,1,442),(1348,'Aeschlimann','Fabian','1999-10-16','m',636,150513,0,1,443),(1349,'Aeschlimann','Flavia','2007-05-14','f',636,176420,0,1,444),(1350,'Aeschlimann','Gian','2009-10-14','m',636,256228,0,1,445),(1351,'Aeschlimann','Gilles','1979-11-02','m',636,26030,0,1,446),(1352,'Aeschlimann','Hanna','2007-06-06','f',636,157363,0,1,447),(1353,'Aeschlimann','Henri','2008-09-28','m',636,248961,0,1,448),(1354,'Aeschlimann','Janine','2000-05-19','f',636,166488,0,1,449),(1355,'Aeschlimann','Jenny','1985-01-12','f',636,123020,0,1,450),(1356,'Aeschlimann','Julius','2003-04-24','m',636,152747,0,1,451),(1357,'Aeschlimann','Justine','1998-11-24','f',636,141248,0,1,452),(1358,'Aeschlimann','Leonie','2003-05-26','f',636,157343,0,1,453),(1359,'Aeschlimann','Lia','1995-06-07','f',636,141541,0,1,454),(1360,'Aeschlimann','Lionel','1995-03-21','m',636,132441,0,1,455),(1361,'Aeschlimann','Lisa','2009-05-10','f',636,166013,0,1,456),(1362,'Aeschlimann','Lucie','2003-02-25','f',636,153917,0,1,457),(1363,'Aeschlimann','Luis-Finn','2004-12-06','m',636,160356,0,1,458),(1364,'Aeschlimann','Maelle','2005-03-11','f',636,171059,0,1,459),(1365,'Aeschlimann','Marco','1980-05-24','m',636,13804,0,1,460),(1366,'Aeschlimann','Martina','1992-12-26','f',636,126026,0,1,461),(1367,'Aeschlimann','Marvin','2008-02-21','m',636,171060,0,1,462),(1368,'Aeschlimann','Mila','2006-04-22','f',636,174515,0,1,463),(1369,'Aeschlimann','Nicole','2001-04-05','f',636,146821,0,1,464),(1370,'Aeschlimann','Pamela','2010-04-21','f',636,249027,0,1,465),(1371,'Aeschlimann','Pauline','2002-04-05','f',636,144636,0,1,466),(1372,'Aeschlimann','Pénélope','2012-04-09','f',636,255813,0,1,467),(1373,'Aeschlimann','Selina','1992-03-21','f',636,125515,0,1,468),(1374,'Aeschlimann','Silas','2000-12-24','m',636,158315,0,1,469),(1375,'Aeschlimann','Silvan','1993-06-29','m',636,142715,0,1,470),(1376,'Aeschlimann','Simona','1999-09-23','f',636,175934,0,1,471),(1377,'Aeschlimann','Tanja','2004-04-08','f',636,167351,0,1,472),(1378,'Aeschlimann','Théo','2006-08-08','m',636,158463,0,1,473),(1379,'Aeschlimann','Tim','2005-04-18','m',636,157364,0,1,474),(1380,'AFAS','Sofia','2012-04-02','f',636,253909,0,1,475),(1381,'Afewerki','Samuel','1997-05-24','m',636,257432,0,1,476),(1382,'Afeworki','Melkias','2001-10-17','m',636,175977,0,1,477),(1383,'Affanni','Ariela','1996-04-06','f',636,134951,0,1,478),(1384,'Affentranger','Emma','2007-10-23','f',636,166632,0,1,479),(1385,'Affentranger','Linda','2008-05-11','f',636,249935,0,1,480),(1386,'Affentranger','Melina','1998-09-22','f',636,136671,0,1,481),(1387,'Affentranger','Urs','1991-01-26','m',636,104849,0,1,482),(1388,'Affessi','Fatim','1993-07-08','f',636,133247,0,1,483),(1389,'Affolter','Andri','2002-02-03','m',636,158474,0,1,484),(1390,'Affolter','Dario','2014-11-04','m',636,257507,0,1,485),(1391,'Affolter','Jeanine','1989-06-27','f',636,100212,0,1,486),(1392,'Affolter','Lara','2001-03-31','f',636,149778,0,1,487),(1393,'Affolter','Larissa','2004-02-05','f',636,165284,0,1,488),(1394,'Affolter','Lia','2003-09-29','f',636,158679,0,1,489),(1395,'Affolter','Livia','2002-11-26','f',636,162647,0,1,490),(1396,'Affolter','Loris','1999-01-01','m',636,142667,0,1,491),(1397,'Affolter','Luiz','2010-07-08','m',636,255593,0,1,492),(1398,'Affolter','Patrick','1990-03-22','m',636,121637,0,1,493),(1399,'Affolter','Rafael','1990-01-01','m',636,128009,0,1,494),(1400,'Affuso','Samuel','1998-01-10','m',636,147020,0,1,495),(1401,'Afonso Silveira','Dinis','2013-10-30','m',636,257018,0,1,496),(1402,'Afowerke','Zebib','2006-07-02','f',636,246187,0,1,497),(1403,'Agassis','Atal','2008-11-17','m',636,244749,0,1,498),(1404,'Agatonovic','Miona','2005-07-20','f',636,175042,0,1,499),(1405,'Agbelese','Abisola','2001-07-20','f',636,172121,0,1,500),(1406,'Agbelese','Florence','2003-02-16','f',636,170402,0,1,501),(1407,'Agbelese','Mary','2003-02-16','f',636,170401,0,1,502),(1408,'Agbo','Alina','2007-02-26','f',636,173838,0,1,503),(1409,'Agbomemewa','Stinger Ayedou','2000-06-27','m',636,173089,0,1,504),(1410,'Agboton','Marc-Alexis','2008-01-30','m',636,171025,0,1,505),(1411,'Agdogan','Duru','2006-05-20','f',636,252646,0,1,506),(1412,'Aggeler','Clarissa','1991-06-28','f',636,104986,0,1,507),(1413,'Aggeler','Fabienne','1989-04-29','f',636,100632,0,1,508),(1414,'Agnelli','Yuleisi','1995-12-19','f',636,142377,0,1,509),(1415,'Agnou','Caroline','1996-05-26','f',636,131307,0,1,510),(1416,'Agnou','Ousman','1965-12-15','m',636,138298,0,1,511),(1417,'Agosta','Dania','1996-12-14','f',636,133027,0,1,512),(1418,'Agosta','Enea','1998-12-10','m',636,168328,0,1,513),(1419,'Agostini-Rychener','Daniela','1970-05-13','f',636,136099,0,1,514),(1420,'Agoston','Vanessa','1994-03-31','f',636,135810,0,1,515),(1421,'Agovic','Elina','2004-05-20','f',636,167402,0,1,516),(1422,'Agrifoglio','Céline','1992-02-06','f',636,104673,0,1,517),(1423,'Agrifoglio','Emilie','1994-08-09','f',636,131318,0,1,518),(1424,'Aguet','Sonam','2011-07-20','m',636,248504,0,1,519),(1425,'Aguguo','Ezinne','2001-04-14','f',636,170946,0,1,520),(1426,'Aguilar','David','1992-04-07','m',636,126069,0,1,521),(1427,'Aguilar','Thomas','2002-08-23','m',636,158549,0,1,522),(1428,'Agulleiro','Elena','2001-07-21','f',636,252517,0,1,523),(1429,'Agune','Oceana','2009-12-29','f',636,248346,0,1,524),(1430,'Agune','Sanae','2008-01-11','f',636,163762,0,1,525),(1431,'Agustoni','Carmelo','2010-11-24','m',636,256256,0,1,526),(1432,'Agustoni','Flavia','1988-08-17','f',636,36237,0,1,527),(1433,'Agustoni','Greta','1995-06-20','f',636,140295,0,1,528),(1434,'Agustoni','Marco','1986-06-16','m',636,36238,0,1,529),(1435,'Agustoni','Silvia','1997-06-01','f',636,140296,0,1,530),(1436,'Agyapong','Rahel Joy','2004-12-06','f',636,253558,0,1,531),(1437,'Agyapong','Samuel','2002-09-18','m',636,249098,0,1,532),(1438,'Ahferom','Saymon','2007-04-20','m',636,249891,0,1,533),(1439,'Ahilaruban','Oviya','2011-06-09','f',636,256751,0,1,534),(1440,'Ahlawat','Bryan','2003-11-26','m',636,148374,0,1,535),(1441,'Ahlers','Joshua','2005-10-19','m',636,159057,0,1,536),(1442,'Ahmad','Silab','2021-03-27','m',636,256835,0,1,537),(1443,'Ahmad','Silab','2012-03-27','m',636,256816,0,1,538),(1444,'Ahmadi','Mojdah','2004-01-09','f',636,246963,0,1,539),(1445,'Ahmadi','Sirwan','1997-11-05','m',636,171261,0,1,540),(1446,'Ahmed','Aboucar','1995-05-16','m',636,155472,0,1,541),(1447,'Ahmed','Nael','1999-01-01','m',636,145034,0,1,542),(1448,'Ahmetaj','Sare','1996-10-11','f',636,136049,0,1,543),(1449,'Ahmeti','Dorian','2008-09-02','m',636,248153,0,1,544),(1450,'Ahmeti','Fiona','2004-02-16','f',636,170736,0,1,545),(1451,'Ahmeti','Julian','2005-08-10','m',636,170737,0,1,546),(1452,'Ahn','Seong-Ju','2011-03-11','m',636,246121,0,1,547),(1453,'Ahnen','Jana','2006-12-13','f',636,158684,0,1,548),(1454,'Ahnen','Valentina','2009-06-30','f',636,250011,0,1,549),(1455,'Aichele','Léa','2007-04-15','f',636,247827,0,1,550),(1456,'Aigbe','Eileen','1998-11-24','f',636,138825,0,1,551),(1457,'Aigbe','Samirah','1996-03-02','f',636,135202,0,1,552),(1458,'Aillaud','Nicolas','2003-04-02','m',636,170021,0,1,553),(1459,'Aimi','Claudia','2003-06-24','f',636,167069,0,1,554),(1460,'Aissami','Nabila','1997-12-29','f',636,133780,0,1,555),(1461,'Aissami','Selina','1995-05-07','f',636,133779,0,1,556),(1462,'Aissaoui','Yousra','1998-02-02','m',636,134461,0,1,557),(1463,'Aitken','Dominic','2005-05-12','m',636,162361,0,1,558),(1464,'Aitken','Samuel','2003-08-31','m',636,156998,0,1,559),(1465,'Ajani','Selena','2001-06-10','f',636,145060,0,1,560),(1466,'Ajeti','Dea','2006-04-08','f',636,166456,0,1,561),(1467,'Ajmi','Mohamed','1997-06-10','m',636,157307,0,1,562),(1468,'Ajmi','Nida-Errahmen','1995-11-28','f',636,157305,0,1,563),(1469,'Ajonkeu','Albert','1975-03-10','m',636,135604,0,1,564),(1470,'Ajro','Alisa','2003-02-04','f',636,155202,0,1,565),(1471,'Akakpo','Léon','1990-05-20','m',636,126469,0,1,566),(1472,'Akakpossa','Greta','2008-11-28','f',636,255331,0,1,567),(1473,'Akanji','Manuel','1995-01-01','m',636,128958,0,1,568),(1474,'Akanji','Michelle','1989-06-30','f',636,100439,0,1,569),(1475,'Akbas','Samira','1991-03-08','f',636,126982,0,1,570),(1476,'Akchoti','Carla','2004-05-05','f',636,175258,0,1,571),(1477,'Akdag','Gökhan','2002-08-31','m',636,257524,0,1,572),(1478,'Akeret','Aron','2005-09-24','m',636,162828,0,1,573),(1479,'Akerib','Ekaterina','2005-12-31','f',636,244411,0,1,574),(1480,'Akermann','Annie','2002-04-11','f',636,166970,0,1,575),(1481,'Akiki','Elmedina','1997-08-19','f',636,152618,0,1,576),(1482,'Akil','Yusuf','1990-05-07','m',636,142131,0,1,577),(1483,'Akkus','Hayden','2010-02-14','m',636,254572,0,1,578),(1484,'Akumu','Sayan','2000-04-01','f',636,163095,0,1,579),(1485,'Al Dubhani','Areg','2012-10-06','f',636,254825,0,1,580),(1486,'Alabor','Janosch','2002-11-21','m',636,255273,0,1,581),(1487,'Alaimo','Eric','2003-06-16','m',636,165537,0,1,582),(1488,'Alarcon','Elian','2009-06-16','m',636,252304,0,1,583),(1489,'Alaye','Ben','2003-08-10','m',636,159844,0,1,584),(1490,'Alaye','Mayowa','2000-03-02','f',636,144553,0,1,585),(1491,'Alaye','Simisola','2005-09-09','f',636,166993,0,1,586),(1492,'Albà','Arnau','1995-10-26','m',636,170052,0,1,587),(1493,'Albanese','Noa','2009-09-17','m',636,248347,0,1,588),(1494,'Albasini','Giuele','2008-06-26','m',636,169215,0,1,589),(1495,'Albayrak','Sébastien','2007-09-25','m',636,173641,0,1,590),(1496,'Albeirio','Marco','1999-01-10','m',636,150821,0,1,591),(1497,'Alber','Philipp','2003-08-21','m',636,167740,0,1,592),(1498,'Alberighi','Giada','2010-03-22','f',636,250684,0,1,593),(1499,'Alberio','Letizia','1999-06-08','f',636,145388,0,1,594),(1500,'Alberio','Martino','2003-11-13','m',636,153976,0,1,595),(1501,'Alberio','Pietro','2006-07-25','m',636,252711,0,1,596),(1502,'Albert','Giulia','2006-03-25','f',636,252560,0,1,597),(1503,'Albert','Kelly','1993-10-31','f',636,135891,0,1,598),(1504,'Albert','Lena','2006-09-03','f',636,248385,0,1,599),(1505,'Albert','Ueli','1980-11-10','m',636,13828,0,1,600),(1506,'Albertella','Céline','1996-05-27','f',636,140929,0,1,601),(1507,'Albertella','Davide','1997-08-14','m',636,146274,0,1,602),(1508,'Alberti','Andrea','1986-12-20','m',636,30251,0,1,603),(1509,'Albertin','Sibille','1990-11-30','f',636,102071,0,1,604),(1510,'Alberto','Dominik','1992-04-28','m',636,136589,0,1,605),(1511,'Albiez','Anja','1993-01-14','f',636,132459,0,1,606),(1512,'Albiez','Janick','1997-10-25','m',636,164523,0,1,607),(1513,'Albisetti','Claudine','2004-08-19','f',636,166986,0,1,608),(1514,'Albisetti','Dana','1994-12-23','f',636,135503,0,1,609),(1515,'Albisetti','Jean Carl','1992-04-26','m',636,143563,0,1,610),(1516,'Albisetti','Romane','1999-07-19','f',636,135845,0,1,611),(1517,'Albisser','Celine','1996-05-05','f',636,131450,0,1,612),(1518,'Albizzati','Giulio','1997-04-03','m',636,144512,0,1,613),(1519,'Albrecht','Eva','1992-07-18','f',636,126289,0,1,614),(1520,'Albrecht','Livie','2004-10-08','f',636,173333,0,1,615),(1521,'Albrecht','Luiz','2006-10-05','m',636,173539,0,1,616),(1522,'Albrecht','Robin','2002-07-08','f',636,171801,0,1,617),(1523,'Albrecht','Samuel','2001-11-14','m',636,154121,0,1,618),(1524,'Albrecht','Yves','1971-03-05','m',636,146528,0,1,619),(1525,'Albuquerque','Bruno','1989-01-10','m',636,156201,0,1,620),(1526,'Albuquerque','Mateus','1993-11-30','m',636,130245,0,1,621),(1527,'Alchoukri','Sarah','1997-01-14','f',636,147997,0,1,622),(1528,'Alcobia Gomes','Joshua','2005-11-17','m',636,252101,0,1,623),(1529,'Alder','Anna','2010-05-22','f',636,246844,0,1,624),(1530,'Alder','Etienne','2006-07-06','m',636,169677,0,1,625),(1531,'Alder','Marion','2000-01-24','f',636,145524,0,1,626),(1532,'Alder','Martin','1993-02-11','m',636,129540,0,1,627),(1533,'Alder','Nico','2002-05-29','m',636,152625,0,1,628),(1534,'Alder','Patrik','1995-01-18','m',636,135554,0,1,629),(1535,'Alder','Simone','1998-04-04','f',636,145525,0,1,630),(1536,'Alder','Tobias','2005-11-23','m',636,175551,0,1,631),(1537,'Alder','Ueli','2006-11-07','m',636,174615,0,1,632),(1538,'Aldudak','Miray','2013-12-15','f',636,255916,0,1,633),(1539,'Alefsen','Sanne','1997-02-18','f',636,140115,0,1,634),(1540,'Aleixo','Milena','2009-03-10','f',636,248949,0,1,635),(1541,'Aleksic','Ivana','2001-12-06','f',636,168656,0,1,636),(1542,'Alemanni','Lara','1998-02-02','f',636,152620,0,1,637),(1543,'Alemayehu','Jacqueline','1997-08-31','f',636,147742,0,1,638),(1544,'Alessandri','Dania','1997-07-15','f',636,140094,0,1,639),(1545,'Alessandri','Valerio','2000-09-15','m',636,140095,0,1,640),(1546,'Alessi','Lisa','2004-12-08','f',636,163207,0,1,641),(1547,'Alex','Théodore','2004-08-08','m',636,165031,0,1,642),(1548,'Alexakis','Alexandre','2005-07-01','m',636,244496,0,1,643),(1549,'Alexander','Rothen','2001-01-02','m',636,151339,0,1,644),(1550,'Alexander David','Yasi','2005-01-07','f',636,175049,0,1,645),(1551,'Alfaré','Anouk','2009-01-03','f',636,172326,0,1,646),(1552,'Alfaré','Moritz','2007-03-31','m',636,174411,0,1,647),(1553,'Alfaro','Inès','1995-04-24','f',636,147395,0,1,648),(1554,'Alfonsi','Luca','1997-03-22','m',636,154080,0,1,649),(1555,'Alghisi','Adriano','2010-08-22','m',636,252761,0,1,650),(1556,'Ali','Abdi Salam','2002-02-01','m',636,247359,0,1,651),(1557,'Ali','Joann','2008-08-18','m',636,246194,0,1,652),(1558,'Ali','Lukas','2006-04-03','m',636,171746,0,1,653),(1559,'Alima','Cheyenne Glenn','2002-07-08','f',636,165071,0,1,654),(1560,'Alima','Cheyenne Glenn','2002-07-08','f',636,253963,0,1,655),(1561,'Alima','Cheyenne Glenn','2002-07-08','f',636,165071,0,1,656),(1562,'Alioth','Alicia','2008-02-02','f',636,169252,0,1,657),(1563,'Alioth','Oliver','2009-10-18','m',636,244295,0,1,658),(1564,'Aliouane','Laïla','2008-03-06','f',636,250613,0,1,659),(1565,'Aliti','Adel','2011-03-27','m',636,247623,0,1,660),(1566,'Aliti','Edin','2007-12-07','m',636,160584,0,1,661),(1567,'Alkadri','Alina','2000-10-17','f',636,142983,0,1,662),(1568,'Alkadri','Laura','1999-01-25','f',636,141088,0,1,663),(1569,'Alkan','Evan','2010-01-01','m',636,248228,0,1,664),(1570,'Alkan','Luc','2007-02-21','m',636,244172,0,1,665),(1571,'Al-Kenani','Ali','1994-01-03','m',636,137760,0,1,666),(1572,'Allagiannis','Iason','2005-05-21','m',636,166047,0,1,667),(1573,'Allaman','Basile','2003-11-13','m',636,146220,0,1,668),(1574,'Allaman','Pauline','1998-01-28','f',636,131109,0,1,669),(1575,'Allaman','Théo','2001-06-18','m',636,136157,0,1,670),(1576,'Allamand','Josa','1987-03-18','m',636,33421,0,1,671),(1577,'Allard','Cloé','2002-11-22','f',636,154758,0,1,672),(1578,'Allard','Quentin','2000-06-04','m',636,154341,0,1,673),(1579,'Allaz','Florian','1995-09-24','m',636,131320,0,1,674),(1580,'Allegrezza','Giulia','2006-01-17','f',636,165718,0,1,675),(1581,'Allegrini','Fabio','1994-09-16','m',636,135948,0,1,676),(1582,'Allemann','Alessia','2007-08-02','f',636,175899,0,1,677),(1583,'Allemann','Cheyenne','1996-07-17','f',636,134908,0,1,678),(1584,'Allemann','Chiara','2011-02-14','f',636,175897,0,1,679),(1585,'Allemann','Christopher','1991-04-22','m',636,127084,0,1,680),(1586,'Allemann','David','1991-09-01','m',636,122790,0,1,681),(1587,'Allemann','Deborah','1998-02-05','f',636,154280,0,1,682),(1588,'Allemann','Enrico','2003-08-11','m',636,158641,0,1,683),(1589,'Allemann','Estelle','1999-03-04','f',636,132898,0,1,684),(1590,'Allemann','Gian','2006-05-09','m',636,171097,0,1,685),(1591,'Allemann','Jacques','2010-01-14','m',636,176395,0,1,686),(1592,'Allemann','Jessica','1998-01-11','f',636,137234,0,1,687),(1593,'Allemann','Jessie','1996-03-04','f',636,137552,0,1,688),(1594,'Allemann','Jonas','1991-03-12','m',636,123459,0,1,689),(1595,'Allemann','Julie','1995-08-27','f',636,133287,0,1,690),(1596,'Allemann','Laura','2000-12-22','f',636,150467,0,1,691),(1597,'Allemann','Laure','1996-04-25','f',636,131154,0,1,692),(1598,'Allemann','Luana','2007-08-02','f',636,175898,0,1,693),(1599,'Allemann','Lukas','1991-09-01','m',636,122791,0,1,694),(1600,'Allemann','Michel','2003-11-22','m',636,158638,0,1,695),(1601,'Allemann','Nadine','1998-02-09','f',636,137117,0,1,696),(1602,'Allemann','Nikita','1995-02-07','f',636,134907,0,1,697),(1603,'Allemann','Olivia','1991-05-24','f',636,122567,0,1,698),(1604,'Allemann','Peter','1960-08-10','m',636,32725,0,1,699),(1605,'Allemann','Philipp','1971-01-01','m',636,150690,0,1,700),(1606,'Allemann','Philippe','2000-07-16','m',636,252585,0,1,701),(1607,'Allemann','Raphael','2001-03-20','m',636,150076,0,1,702),(1608,'Allemann','Sandra','1990-08-15','f',636,123253,0,1,703),(1609,'Allemann','Sebastian','1986-08-15','m',636,30745,0,1,704),(1610,'Allemann','Serana','2001-02-22','f',636,149777,0,1,705),(1611,'Allemann','Simon','1996-08-03','m',636,130011,0,1,706),(1612,'Allemann','Talin','1999-09-09','m',636,135045,0,1,707),(1613,'Allemann','Tamaris','1985-05-18','f',636,27692,0,1,708),(1614,'Allen','Philip','1998-11-30','m',636,173262,0,1,709),(1615,'Allenbach','Delphine','2007-04-06','f',636,169953,0,1,710),(1616,'Allenbach','François','2006-06-15','m',636,174516,0,1,711),(1617,'Allenbach','Jael','2008-12-30','f',636,249807,0,1,712),(1618,'Allenbach','Livia','1998-03-05','f',636,142342,0,1,713),(1619,'Allenbach','Marc','1999-06-17','m',636,151185,0,1,714),(1620,'Allenbach','Michelle','1999-11-05','f',636,150520,0,1,715),(1621,'Allenbach','Sandra','1989-04-03','f',636,37365,0,1,716),(1622,'Allenspach','Aliya','2004-11-11','f',636,172934,0,1,717),(1623,'Allenspach','Fabienne','1992-06-03','f',636,125875,0,1,718),(1624,'Allenspach','Janis','2003-12-16','m',636,151379,0,1,719),(1625,'Allenspach','Nora','1999-12-31','f',636,161089,0,1,720),(1626,'Allenspach','Yves','1996-08-20','m',636,133822,0,1,721),(1627,'Allera','Céline','2000-07-12','f',636,148924,0,1,722),(1628,'Allet','Mathilde','2008-07-08','f',636,256842,0,1,723),(1629,'Allevione','Mélina','2007-10-12','f',636,245676,0,1,724),(1630,'Allimann','Baptiste','1984-01-05','m',636,136649,0,1,725),(1631,'Allmendinger','Timon','1995-03-17','m',636,133474,0,1,726),(1632,'Allotey','Joana','2002-09-27','f',636,167480,0,1,727),(1633,'Allou','Amira','2003-10-07','f',636,159815,0,1,728),(1634,'Allou','Yasmine','2003-10-07','f',636,171744,0,1,729),(1635,'Allou','Yves','2006-08-16','m',636,176139,0,1,730),(1636,'Allueva','Miguel','1983-04-24','m',636,156646,0,1,731),(1637,'Al-Mabhashi','Alawia','2007-06-15','f',636,168993,0,1,732),(1638,'Almansoury','Malik','2003-05-26','m',636,153578,0,1,733),(1639,'Almansoury','Salman','2010-02-16','m',636,245183,0,1,734),(1640,'Almansoury','Tamim','2012-08-20','m',636,253422,0,1,735),(1641,'Almansoury','Zakaria','2004-11-06','m',636,153570,0,1,736),(1642,'Almeida','Leon','2005-07-30','m',636,174953,0,1,737),(1643,'Almeida Gomes','Jaylie','2010-11-03','f',636,256040,0,1,738),(1644,'Almeida Goncalves','Andreia','1997-02-06','f',636,167561,0,1,739),(1645,'Almgren','Olivia','1981-05-28','f',636,24642,0,1,740),(1646,'Almy','Jody','1997-10-22','f',636,143771,0,1,741),(1647,'Almy','Joey','2001-04-10','m',636,148117,0,1,742),(1648,'Alogogiannis','Nicolas','1998-11-01','m',636,150219,0,1,743),(1649,'Alpiger','Céline','1997-01-30','f',636,145171,0,1,744),(1650,'Alpiger','Lukas','1999-07-29','m',636,143000,0,1,745),(1651,'Alpinice','Thiemo','2001-04-16','m',636,173344,0,1,746),(1652,'Alquier','Benjamin','1990-02-24','m',636,253721,0,1,747),(1653,'Alric','Adèle','2003-09-20','f',636,172574,0,1,748),(1654,'Alshemelawy','Ali','2003-12-18','m',636,162814,0,1,749),(1655,'Alt','Alena','2001-04-01','f',636,150105,0,1,750),(1656,'Alt','Alessandra','2000-11-13','f',636,157093,0,1,751),(1657,'Alt','Alina','2008-03-10','f',636,249106,0,1,752),(1658,'Altaber','Lucy','2005-04-10','f',636,248361,0,1,753),(1659,'Altenburger','Lars','2012-07-06','m',636,255806,0,1,754),(1660,'Altendorfer','Siegmund','1983-01-24','m',636,13865,0,1,755),(1661,'Altera','Leandro','2010-05-02','m',636,245027,0,1,756),(1662,'Altermatt','Alexa','2000-01-24','f',636,146108,0,1,757),(1663,'Altermatt','Jana','2007-01-22','f',636,175278,0,1,758),(1664,'Altermatt','Laura','1998-01-07','f',636,146109,0,1,759),(1665,'Altermatt','Mona','2007-04-21','f',636,245479,0,1,760),(1666,'Altermatt','Nevio','2009-06-08','m',636,175279,0,1,761),(1667,'Althaus','Gian','1996-12-20','m',636,130012,0,1,762),(1668,'Althaus','Livia','2008-01-14','f',636,257062,0,1,763),(1669,'Althaus','Marcial','1990-08-10','m',636,102231,0,1,764),(1670,'Althaus','Stefan','1989-07-05','m',636,38009,0,1,765),(1671,'Althaus','Tristan','1987-02-20','m',636,33840,0,1,766),(1672,'Altherr','Aléna','2006-11-24','f',636,250108,0,1,767),(1673,'Altherr','Evelyne','1972-07-15','f',636,254075,0,1,768),(1674,'Altherr','Jennifer','2005-05-13','f',636,159720,0,1,769),(1675,'Altherr','Larissa','2004-09-05','f',636,156765,0,1,770),(1676,'Altherr','Vanessa','2009-03-24','f',636,245054,0,1,771),(1677,'Altherr','Vivienne','2008-03-05','f',636,168186,0,1,772),(1678,'Altieri','Alessandro','1998-12-11','m',636,157359,0,1,773),(1679,'Altinbas','Aydan','2006-12-03','f',636,243887,0,1,774),(1680,'Altinbas','Musa','2010-04-13','m',636,243885,0,1,775),(1681,'Altinok','Koray','1990-11-12','m',636,159496,0,1,776),(1682,'Altmann','Chasper','2002-10-03','m',636,158396,0,1,777),(1683,'Altmann','Gian-Andrea','1971-05-21','m',636,13871,0,1,778),(1684,'Altmann','Mathias','1962-07-08','m',636,906000131,0,1,779),(1685,'Altner','Myrtha','1997-03-12','f',636,163031,0,1,780),(1686,'Altoni','Nina','2002-05-09','f',636,151206,0,1,781),(1687,'Altorfer','Alija','2003-05-09','f',636,165309,0,1,782),(1688,'Altorfer','Kurt','1948-08-29','m',636,253587,0,1,783),(1689,'Altorfer','Nicole','2000-05-05','f',636,149962,0,1,784),(1690,'Altschul','Debora','1995-08-04','f',636,152862,0,1,785),(1691,'Altun','Berfin','2000-01-07','f',636,154212,0,1,786),(1692,'Altun','Elif','2001-07-16','f',636,158847,0,1,787),(1693,'Altun','Yaren','2005-01-15','f',636,173635,0,1,788),(1694,'Altwegg','Flurina','2009-02-19','f',636,255481,0,1,789),(1695,'Alushaj','Linda','2001-05-13','f',636,160199,0,1,790),(1696,'Alva','Linsin','2011-10-04','f',636,256370,0,1,791),(1697,'Alvares','Lucas','1998-02-12','m',636,144591,0,1,792),(1698,'Alvarez','Celina','2008-12-17','f',636,246135,0,1,793),(1699,'Alvarez','Chiara','2005-03-23','f',636,158900,0,1,794),(1700,'Alvarez','Gabriel','1997-07-01','m',636,155473,0,1,795),(1701,'Alvarez','Luca','1997-11-03','m',636,158911,0,1,796),(1702,'Alvarez','Massimo','1993-07-27','m',636,135276,0,1,797),(1703,'Alvarez','Nerea','1997-03-11','f',636,140096,0,1,798),(1704,'Alvarino','Loïs','1991-11-29','m',636,126809,0,1,799),(1705,'Alves','Alexia','2011-05-16','f',636,256944,0,1,800),(1706,'Alves','Miguel','1999-10-02','m',636,148986,0,1,801),(1707,'Alves da Silva','Vanessa','1994-10-14','f',636,135978,0,1,802),(1708,'Alves Pais','Julio','2005-02-15','m',636,160862,0,1,803),(1709,'Alves Sucena Melo','Jade','2010-01-10','f',636,245942,0,1,804),(1710,'Alves Sucena Melo','Jolenne','2008-04-26','f',636,174799,0,1,805),(1711,'Alvin','Andrew','2006-08-31','m',636,176239,0,1,806),(1712,'Alvino','Thomas','2004-10-17','m',636,156566,0,1,807),(1713,'Alzate','Mario Alejandro','1997-12-28','m',636,153436,0,1,808),(1714,'Alzate','Mayra','1991-02-15','f',636,126109,0,1,809),(1715,'Amacher','Alexandra','1997-11-08','f',636,131815,0,1,810),(1716,'Amacher','Annina','2010-10-23','f',636,174664,0,1,811),(1717,'Amacher','Chiara','2001-03-13','f',636,149217,0,1,812),(1718,'Amacher','Ciara','2009-04-20','f',636,256680,0,1,813),(1719,'Amacher','Lukas','2004-02-05','m',636,155494,0,1,814),(1720,'Amacher','Samuel','1999-06-13','m',636,145881,0,1,815),(1721,'Amacher','Timm','2007-08-03','m',636,162551,0,1,816),(1722,'Amacher','Viviane','1997-12-26','f',636,141970,0,1,817),(1723,'Amacker','Elyn','2000-12-25','f',636,148004,0,1,818),(1724,'Amacker','Jan','2001-04-18','m',636,162577,0,1,819),(1725,'Amacker','Lena','2007-10-18','f',636,249013,0,1,820),(1726,'Amacker','Mathilde','1999-04-18','f',636,148005,0,1,821),(1727,'Amacker','Michael','1993-06-30','m',636,133208,0,1,822),(1728,'Amacker','Sibylle','1998-07-17','f',636,151964,0,1,823),(1729,'Amacker','Timo','2005-02-11','m',636,153549,0,1,824),(1730,'Amadio','Lydie','2009-08-10','f',636,247198,0,1,825),(1731,'Amadori Alves','Claudia','1999-06-25','f',636,137372,0,1,826),(1732,'Amaizu Prado','Camilo','1998-05-12','m',636,143568,0,1,827),(1733,'Amanatidis','Vasileios','2002-02-05','m',636,252437,0,1,828),(1734,'Amaniel','Habtom','1990-05-05','m',636,253591,0,1,829),(1735,'Amann','Oliver','1971-05-10','m',636,4441,0,1,830),(1736,'Amann','Paula','2012-02-17','f',636,251586,0,1,831),(1737,'Amanuel','Mikyas','2001-06-22','m',636,244529,0,1,832),(1738,'Amara','Louis','1999-02-17','m',636,251005,0,1,833),(1739,'Amato','Elita','1975-06-06','f',636,150669,0,1,834),(1740,'Amberg','Moritz','2008-04-09','m',636,168306,0,1,835),(1741,'Ambiveri','Leonardo','2006-01-15','m',636,249947,0,1,836),(1742,'Ambord','Silja','1996-12-02','f',636,136812,0,1,837),(1743,'Ambrosi','Chiara','2008-08-21','f',636,165743,0,1,838),(1744,'Ambrosini','Alessio','2005-10-08','m',636,168960,0,1,839),(1745,'Ambrosini','Chantal','1994-10-04','f',636,135519,0,1,840),(1746,'Ambrosini','Coralie','1997-04-17','f',636,131065,0,1,841),(1747,'Ambühl','Fabian','1998-11-09','m',636,157497,0,1,842),(1748,'Ambühl','Fiona','2003-05-10','f',636,176628,0,1,843),(1749,'Ambühl','Hanna','2000-12-13','f',636,155463,0,1,844),(1750,'Ambühl','Joel','1998-04-10','m',636,134051,0,1,845),(1751,'Ambühl','Lea','1993-11-17','f',636,145451,0,1,846),(1752,'Ambühl','Luisa','1998-03-27','f',636,145202,0,1,847),(1753,'Ambühl','Patrick','1996-05-19','m',636,134052,0,1,848),(1754,'Ambühl','Stefanie','1997-11-27','f',636,136967,0,1,849),(1755,'Ambühl','Timea Angelina','2007-04-26','f',636,176348,0,1,850),(1756,'Amélie','Reinhardt','2006-01-12','f',636,174532,0,1,851),(1757,'Amendola','Giuliana','2010-06-18','f',636,256836,0,1,852),(1758,'Amendola','Rosita','2006-05-10','f',636,175814,0,1,853),(1759,'Amentea','Lorena','2008-02-17','f',636,172640,0,1,854),(1760,'Amer','Judy','2010-09-07','f',636,253012,0,1,855),(1761,'Amerzin','Nadine','1994-05-26','f',636,136747,0,1,856),(1762,'Amez-Droz','Aline','1987-07-10','f',636,32033,0,1,857),(1763,'Amez-Droz','Eve','1984-05-25','f',636,31399,0,1,858),(1764,'Amez-Droz','Gaëtan','1993-05-27','m',636,127119,0,1,859),(1765,'Amez-Droz','Guillaume','2000-10-13','m',636,144869,0,1,860),(1766,'AMEZ-DROZ','Marion','1983-03-13','f',636,154921,0,1,861),(1767,'Amez-Droz','Pauline','1983-03-13','f',636,13895,0,1,862),(1768,'Amez-Droz','Steve','1989-06-17','m',636,100054,0,1,863),(1769,'Amez-Droz','Tiffany','1994-12-17','f',636,133521,0,1,864),(1770,'Amgwerd','Cyrill','1999-07-17','m',636,152552,0,1,865),(1771,'Amgwerd','Sheila','1997-07-26','f',636,153420,0,1,866),(1772,'Amgwerd','Yannik','1996-03-05','m',636,150395,0,1,867),(1773,'Amherd','Andreas','2005-11-03','m',636,176641,0,1,868),(1774,'Amherd','Fabian','2001-01-19','m',636,159540,0,1,869),(1775,'Amherd','Ivan','2004-03-31','m',636,246383,0,1,870),(1776,'Amherd','Pascal','2007-06-04','m',636,162406,0,1,871),(1777,'Amhof','Alisha','2005-10-25','f',636,169649,0,1,872),(1778,'Amhof','Cyrill','2006-04-08','m',636,170949,0,1,873),(1779,'Amhof','Melanie','1995-12-07','f',636,134142,0,1,874),(1780,'Amici','Anthony','1993-07-17','m',636,153122,0,1,875),(1781,'Amide','Jonathan','1985-04-17','m',636,133956,0,1,876),(1782,'Amiel','Mathias','2007-09-22','m',636,245871,0,1,877),(1783,'Amiet','Damian','2007-12-10','m',636,175473,0,1,878),(1784,'Amiet','Kevin','1988-09-28','m',636,135605,0,1,879),(1785,'Amiet','Tanja','1976-06-20','f',636,147714,0,1,880),(1786,'Amiot','Victor','1997-05-23','m',636,256000,0,1,881),(1787,'Amiri','Fardin','1999-08-10','m',636,244287,0,1,882),(1788,'Amirthalingam','Ajantha','1994-10-22','f',636,134985,0,1,883),(1789,'Amirthalingam','Amirtha','1999-12-10','f',636,153519,0,1,884),(1790,'Amirthalingam','Gechavan','2004-08-03','m',636,155887,0,1,885),(1791,'Ammann','Aita','2000-04-26','f',636,139427,0,1,886),(1792,'Ammann','Andreas','2000-04-19','m',636,165208,0,1,887),(1793,'Ammann','Dominique','1993-01-03','f',636,128993,0,1,888),(1794,'Ammann','Dominique','1994-10-12','f',636,134654,0,1,889),(1795,'Ammann','Dominique','1993-01-03','f',636,128993,0,1,890),(1796,'Ammann','Dominique','1994-10-12','f',636,134654,0,1,891),(1797,'Ammann','Dominique','1993-01-03','f',636,128993,0,1,892),(1798,'Ammann','Dominique','1994-10-12','f',636,134654,0,1,893),(1799,'Ammann','Dominique','1993-01-03','f',636,128993,0,1,894),(1800,'Ammann','Dominique','1994-10-12','f',636,134654,0,1,895),(1801,'Ammann','Elias','1990-07-02','m',636,101804,0,1,896),(1802,'Ammann','Emelie','2014-01-07','f',636,255881,0,1,897),(1803,'Ammann','François','2000-03-12','m',636,131112,0,1,898),(1804,'Ammann','Gwendolyn','1996-09-09','f',636,142965,0,1,899),(1805,'Ammann','Jana','1993-10-11','f',636,127125,0,1,900),(1806,'Ammann','Janik','2006-02-24','m',636,257180,0,1,901),(1807,'Ammann','Jeanne','1998-01-24','f',636,131110,0,1,902),(1808,'Ammann','Joël','1998-10-11','m',636,141605,0,1,903),(1809,'Ammann','Laeticia','2007-12-04','f',636,174098,0,1,904),(1810,'Ammann','Lea','2002-02-28','f',636,139426,0,1,905),(1811,'Ammann','Lukas','1999-03-20','m',636,137171,0,1,906),(1812,'Ammann','Mia','2007-08-22','f',636,171407,0,1,907),(1813,'Ammann','Nadine','1997-01-29','f',636,134309,0,1,908),(1814,'Ammann','Nicola','1997-09-11','m',636,133475,0,1,909),(1815,'Ammann','Nina','2002-08-24','f',636,153230,0,1,910),(1816,'Ammann','Noémi','2005-05-05','f',636,171061,0,1,911),(1817,'Ammann','Oliver','1987-03-11','m',636,136176,0,1,912),(1818,'Ammann','Patricia Maria','2001-09-30','f',636,168546,0,1,913),(1819,'Ammann','Rafael','2006-05-05','m',636,252125,0,1,914),(1820,'Ammann','Raphael','1966-09-03','m',636,13906,0,1,915),(1821,'Ammann','Rebecca','1991-12-16','f',636,122180,0,1,916),(1822,'Ammann','Sarah','1999-02-14','f',636,139856,0,1,917),(1823,'Ammann','Sarina','1999-12-19','f',636,144127,0,1,918),(1824,'Ammann','Sereina','1996-08-20','f',636,139816,0,1,919),(1825,'Ammann','Simon','1998-08-06','m',636,131042,0,1,920),(1826,'Ammann','Simona','2008-05-12','f',636,249427,0,1,921),(1827,'Ammann','Stefan','1994-03-04','m',636,250977,0,1,922),(1828,'Ammann','Tabea','2005-12-14','f',636,159961,0,1,923),(1829,'Ammann','Vincent','2002-08-22','m',636,150777,0,1,924),(1830,'Ammeter','Maja','2007-04-03','f',636,244356,0,1,925),(1831,'Ammirati','Filippo','1999-11-18','m',636,140956,0,1,926),(1832,'Ammirati','Giulia','1997-07-19','f',636,140957,0,1,927),(1833,'Ammirati','Jordanos','2003-10-07','m',636,167206,0,1,928),(1834,'Amoah','Benjamin','1999-08-04','m',636,153622,0,1,929),(1835,'Amoah','Jacob','2001-06-23','m',636,153625,0,1,930),(1836,'Amomah','Delphine','1996-12-20','f',636,141939,0,1,931),(1837,'Amozova','Daria','1999-08-20','f',636,148181,0,1,932),(1838,'Ampadu Boateng','Elijah','2002-01-21','m',636,252969,0,1,933),(1839,'Amplatz','Fabian','2002-04-08','m',636,147867,0,1,934),(1840,'Ampola','Morgane','2006-03-14','f',636,170328,0,1,935),(1841,'Amport','Nando','2000-04-09','m',636,149612,0,1,936),(1842,'Amrein','Delia','1996-07-23','f',636,135474,0,1,937),(1843,'Amrein','Ella','2006-01-27','f',636,252027,0,1,938),(1844,'Amrein','Jan','2005-07-13','m',636,161469,0,1,939),(1845,'Amrein','Janick','2008-01-14','m',636,163425,0,1,940),(1846,'Amrein','Lea','2006-05-01','f',636,172338,0,1,941),(1847,'Amrein','Lio','2005-03-08','m',636,157703,0,1,942),(1848,'Amrein','Luana','2007-11-15','f',636,170983,0,1,943),(1849,'Amrein','Manuel','2000-01-13','m',636,152773,0,1,944),(1850,'Amrein','Matina','2000-08-24','f',636,136672,0,1,945),(1851,'Amrein','Michèle','2002-09-26','f',636,167257,0,1,946),(1852,'Amrein','Sandro','2008-02-27','m',636,170309,0,1,947),(1853,'Amrein','Severin','1996-11-01','m',636,150573,0,1,948),(1854,'Amrhein','Cyril','2001-03-04','m',636,166821,0,1,949),(1855,'Amrhein','Linn','2001-12-15','f',636,158367,0,1,950),(1856,'Amrhein','Sarina','2000-09-16','f',636,149536,0,1,951),(1857,'Amrhein','Thomas','1989-05-30','m',636,37273,0,1,952),(1858,'Amrhyn','Gian','2002-08-01','m',636,170895,0,1,953),(1859,'Amrhyn','Mattia','2004-12-23','m',636,248439,0,1,954),(1860,'Amsler','Nora','2005-08-18','f',636,166903,0,1,955),(1861,'Amsler','Selina','2001-05-17','f',636,154026,0,1,956),(1862,'Amsler','Tatjana','1996-06-07','f',636,145988,0,1,957),(1863,'Amstad','Alina','1996-09-17','f',636,127646,0,1,958),(1864,'Amstad','Andreas','2004-11-25','m',636,167216,0,1,959),(1865,'Amstad','David','1997-03-03','m',636,154750,0,1,960),(1866,'Amstad','Denise','1976-05-07','f',636,13920,0,1,961),(1867,'Amstad','Eduard Christian','1988-07-29','m',636,100206,0,1,962),(1868,'Amstad','Lukas','2007-09-25','m',636,170939,0,1,963),(1869,'Amstad','Manuela','1991-09-03','f',636,122012,0,1,964),(1870,'Amstad','Noemi','2008-05-18','f',636,250003,0,1,965),(1871,'Amstad','Sarah','2007-09-25','f',636,170941,0,1,966),(1872,'Amstad','Tanja','1999-07-15','f',636,146544,0,1,967),(1873,'Amstalden','Jona','2008-02-05','f',636,171850,0,1,968),(1874,'Amstalden','Ornella','1994-08-26','f',636,131619,0,1,969),(1875,'Amstein','Adrian','1995-10-04','m',636,129647,0,1,970),(1876,'Amstein','Anna','2003-06-18','f',636,165594,0,1,971),(1877,'Amstein','Elena','2006-07-17','f',636,173672,0,1,972),(1878,'Amstein','Juli','2006-05-24','m',636,173679,0,1,973),(1879,'Amstutz','Auréanne','2001-02-16','f',636,135840,0,1,974),(1880,'Amstutz','Christelle','1994-06-10','f',636,132834,0,1,975),(1881,'Amstutz','Dan','1990-04-07','m',636,104258,0,1,976),(1882,'Amstutz','David','2001-01-23','m',636,249073,0,1,977),(1883,'Amstutz','Dino','2006-02-21','m',636,249999,0,1,978),(1884,'Amstutz','Florence','1996-08-19','f',636,132836,0,1,979),(1885,'Amstutz','Henri','2007-02-02','m',636,169811,0,1,980),(1886,'Amstutz','Isabella','2008-08-04','f',636,255672,0,1,981),(1887,'Amstutz','Jann','2007-02-07','m',636,176445,0,1,982),(1888,'Amstutz','Jolina','2007-03-15','f',636,173542,0,1,983),(1889,'Amstutz','Louise','2002-09-26','f',636,153080,0,1,984),(1890,'Amstutz','Marco','2003-09-04','m',636,166258,0,1,985),(1891,'Amstutz','Stéphanie','1996-09-18','f',636,134082,0,1,986),(1892,'Amstutz','Stève','1995-08-06','m',636,132463,0,1,987),(1893,'Amstutz','Timon','1987-01-10','m',636,126972,0,1,988),(1894,'Amstutz','Yanick','2008-07-02','m',636,244301,0,1,989),(1895,'Amstutz-Gisler','Isabelle','1981-08-21','f',636,150742,0,1,990),(1896,'Amweg','Anika','2000-09-20','f',636,148479,0,1,991),(1897,'Amy','Jonathan','1988-06-28','m',636,131268,0,1,992),(1898,'Anaïs','Krebs','2010-04-12','f',636,257253,0,1,993),(1899,'Anandarasa','Sakana','2005-07-17','f',636,250985,0,1,994),(1900,'Anania','Francesco','1983-01-03','m',636,155096,0,1,995),(1901,'Anastasia','Nico','2007-08-28','m',636,172329,0,1,996),(1902,'Anastasio','Noemi Alisha','2010-02-20','f',636,243955,0,1,997),(1903,'Anastassov','Oscar','2005-01-24','m',636,168229,0,1,998),(1904,'Ançay','Julien','1998-08-09','m',636,139618,0,1,999),(1905,'Ançay','Rémi','2000-10-06','m',636,147349,0,1,1000),(1906,'Ançay','Tarcis','1970-03-01','m',636,121916,0,1,1001),(1907,'Andaloro','Amaël','2001-11-06','m',636,163395,0,1,1002),(1908,'Andelic','Paula','2014-03-21','f',636,254104,0,1,1003),(1909,'Andenmatten','Joël','1996-10-07','m',636,249543,0,1,1004),(1910,'Andenmatten','Mara','1997-10-24','f',636,145960,0,1,1005),(1911,'Andenmatten','Sonja','1999-09-10','f',636,142785,0,1,1006),(1912,'Anderau','Amalia','1999-04-07','f',636,139721,0,1,1007),(1913,'Anderegg','Albert','1945-06-16','m',636,167661,0,1,1008),(1914,'Anderegg','Anahita Kimia','2014-07-13','f',636,255023,0,1,1009),(1915,'Anderegg','Anouk','2003-08-23','f',636,167584,0,1,1010),(1916,'Anderegg','David','2003-04-07','m',636,144209,0,1,1011),(1917,'Anderegg','David','1990-09-15','m',636,125772,0,1,1012),(1918,'Anderegg','David','2003-04-07','m',636,144209,0,1,1013),(1919,'Anderegg','David','1990-09-15','m',636,125772,0,1,1014),(1920,'Anderegg','David','2003-04-07','m',636,144209,0,1,1015),(1921,'Anderegg','David','1990-09-15','m',636,125772,0,1,1016),(1922,'Anderegg','David','2003-04-07','m',636,144209,0,1,1017),(1923,'Anderegg','David','1990-09-15','m',636,125772,0,1,1018),(1924,'Anderegg','David','2003-04-07','m',636,144209,0,1,1019),(1925,'Anderegg','Jonathan','1985-05-31','m',636,36984,0,1,1020),(1926,'Anderegg','Julia','1986-03-31','f',636,30415,0,1,1021),(1927,'Anderegg','Julia','2001-07-15','f',636,166174,0,1,1022),(1928,'Anderegg','Julia','1986-03-31','f',636,30415,0,1,1023),(1929,'Anderegg','Julia','2001-07-15','f',636,166174,0,1,1024),(1930,'Anderegg','Katja','2007-12-11','f',636,174277,0,1,1025),(1931,'Anderegg','Kim Sophia','2008-01-21','f',636,175002,0,1,1026),(1932,'Anderegg','Lena','2007-08-06','f',636,165338,0,1,1027),(1933,'Anderegg','Leony','2008-03-03','f',636,253539,0,1,1028),(1934,'Anderegg','Livia','2005-09-20','f',636,169203,0,1,1029),(1935,'Anderegg','Maurine','1998-01-19','f',636,134970,0,1,1030),(1936,'Anderegg','Pierino','1997-11-12','m',636,142130,0,1,1031),(1937,'Anderegg','Roman','1989-06-30','m',636,125771,0,1,1032),(1938,'Anderegg','Swen','1991-06-25','m',636,121701,0,1,1033),(1939,'Anderegg','Tobias','1979-06-14','m',636,13934,0,1,1034),(1940,'Andereggen','Rahel','1998-07-21','f',636,155511,0,1,1035),(1941,'Andereggen','Silvan','1991-01-05','m',636,122555,0,1,1036),(1942,'Anderer','Tobias','1991-04-01','m',636,104771,0,1,1037),(1943,'Anderes','Chantal','1996-10-27','f',636,148942,0,1,1038),(1944,'Anderes','Edith','1948-02-04','f',636,10,0,1,1039),(1945,'Anderes','Sandro','1997-10-31','m',636,254073,0,1,1040),(1946,'Andergg','Lina','2010-04-27','f',636,250702,0,1,1041),(1947,'Anderhalden','Donnino','1984-01-11','m',636,170196,0,1,1042),(1948,'Anderhalden','Isabelle','1984-11-05','f',636,146637,0,1,1043),(1949,'Anderhub','Annabel','2011-01-13','f',636,250925,0,1,1044),(1950,'Anderhub','Luisa','2012-08-05','f',636,250927,0,1,1045),(1951,'Anderhub','Noémie','2003-11-18','f',636,166278,0,1,1046),(1952,'Andermatt','Amy','2009-12-18','f',636,249294,0,1,1047),(1953,'Andermatt','Ella Charlie','2005-09-14','f',636,167857,0,1,1048),(1954,'Andermatt','Fabienne','1990-11-18','f',636,102240,0,1,1049),(1955,'Andermatt','Gian','2005-04-04','m',636,159725,0,1,1050),(1956,'Andermatt','Jasmine','2000-03-02','f',636,159365,0,1,1051),(1957,'Andermatt','Luisa','2007-08-14','f',636,168357,0,1,1052),(1958,'Andermatt','Mika','2011-09-26','m',636,254807,0,1,1053),(1959,'Andermatt','Philipp','1993-10-17','m',636,130700,0,1,1054),(1960,'Anderrüthi','Caroline','1997-11-12','f',636,149897,0,1,1055),(1961,'Andersen','Laurits','2007-07-27','m',636,244703,0,1,1056),(1962,'Andina','Carlotta','2005-01-27','f',636,163228,0,1,1057),(1963,'Andorra','Melina','2001-08-31','f',636,170696,0,1,1058),(1964,'Andrä','Carolin Alexa','1991-03-04','f',636,254166,0,1,1059),(1965,'Andrade','André','2000-05-24','m',636,172886,0,1,1060),(1966,'Andrade','Laura','2007-03-30','f',636,170345,0,1,1061),(1967,'Andraska','Amy','2007-04-12','f',636,175891,0,1,1062),(1968,'André','Méline','2006-03-04','f',636,244933,0,1,1063),(1969,'André','Yanis','1993-12-14','m',636,129298,0,1,1064),(1970,'André','Zoé','1997-01-27','f',636,131663,0,1,1065),(1971,'Andrea','Alena','2014-06-28','f',636,253568,0,1,1066),(1972,'Andrea','Kian','2012-01-28','m',636,249572,0,1,1067),(1973,'Andrée','Delphine','1998-08-05','f',636,153542,0,1,1068),(1974,'Andreja','Riana','2009-04-25','f',636,257190,0,1,1069),(1975,'Andreoli','Anna','2003-10-12','f',636,166729,0,1,1070),(1976,'Andreoli','Daisy','1986-05-10','f',636,30423,0,1,1071),(1977,'Andreoli','Lola','2006-03-26','f',636,249687,0,1,1072),(1978,'Andreoli','Marlon','2008-05-01','m',636,245616,0,1,1073),(1979,'Andreolla','Daniel','1988-07-31','m',636,122474,0,1,1074),(1980,'Andres','Alessia','2006-12-26','f',636,174932,0,1,1075),(1981,'Andres','Corinne','1988-12-30','f',636,101972,0,1,1076),(1982,'Andres','Géraldine','1997-01-28','f',636,136613,0,1,1077),(1983,'Andres','Janina','2002-07-08','f',636,153822,0,1,1078),(1984,'Andres','Melanie','2004-09-28','f',636,162648,0,1,1079),(1985,'Andres','Muriel','1997-11-18','f',636,139987,0,1,1080),(1986,'Andres','Silva','1988-03-15','m',636,172663,0,1,1081),(1987,'Andrews','Larissa','2003-06-22','f',636,152692,0,1,1082),(1988,'Andrey','Désirée','1992-08-04','f',636,125868,0,1,1083),(1989,'Andrey','Emma','2008-03-14','f',636,250504,0,1,1084),(1990,'Andrey','Ines','2004-12-27','f',636,160358,0,1,1085),(1991,'Andrey','Julien','1974-05-28','m',636,25501,0,1,1086),(1992,'Andrey','Kevin','1993-08-29','m',636,129372,0,1,1087),(1993,'Andrey','Kim','1991-02-21','f',636,167296,0,1,1088),(1994,'Andrey','Laura','2003-01-14','f',636,149486,0,1,1089),(1995,'Andrey','Matisse','2007-02-05','m',636,250870,0,1,1090),(1996,'Andrey','Max','2002-03-14','m',636,158709,0,1,1091),(1997,'Andrey','Mira','2004-12-27','f',636,160357,0,1,1092),(1998,'Andrey','Yanick','1989-05-02','m',636,126829,0,1,1093),(1999,'Andri','Pablo','2003-05-29','m',636,153550,0,1,1094),(2000,'Andrianov','Mila','2010-05-11','f',636,248017,0,1,1095),(2001,'Andrianov','Sasha','2008-01-01','m',636,247590,0,1,1096),(2002,'Andric','David','2000-04-12','m',636,136123,0,1,1097),(2003,'Andrist','Belinda','1998-10-29','f',636,246427,0,1,1098),(2004,'Ané','Jean-Pierre','1983-03-31','m',636,251229,0,1,1099),(2005,'Jünglina','Jung','2003-02-01','f',634,0,0,1,1101),(2007,'Fahrni','Manuela','1994-03-19','f',634,0,0,1,1103),(2010,'Fahrni','Reto','1992-03-28','m',640,0,0,1,1106),(2011,'brw','gfds','2002-02-02','f',637,0,0,1,1107),(2012,'Ramseier','Reto','1993-07-26','m',634,0,0,1,1108),(2013,'Moser','Angelica','1997-10-01','f',637,0,0,1,1109),(2014,'Does','John','1995-01-01','m',642,0,0,1,1110);
/*!40000 ALTER TABLE `athletes` ENABLE KEYS */;
UNLOCK TABLES;

--
-- Table structure for table `basedisciplinelocalizations`
--

DROP TABLE IF EXISTS `basedisciplinelocalizations`;
/*!40101 SET @saved_cs_client     = @@character_set_client */;
/*!40101 SET character_set_client = utf8 */;
CREATE TABLE `basedisciplinelocalizations` (
  `xDisciplinesLocalization` int(10) unsigned NOT NULL AUTO_INCREMENT,
  `xBaseDiscipline` int(10) unsigned NOT NULL,
  `language` char(2) NOT NULL COMMENT 'language shortcut according to ISO639-1: http://www.loc.gov/standards/iso639-2/php/code_list.php\n',
  `name` varchar(50) NOT NULL,
  `shortname` varchar(20) NOT NULL,
  PRIMARY KEY (`xDisciplinesLocalization`,`xBaseDiscipline`),
  UNIQUE KEY `onlyOne` (`xBaseDiscipline`,`language`),
  KEY `fk_baseDisciplineLocalizations_baseDisciplines1_idx` (`xBaseDiscipline`),
  CONSTRAINT `fk_baseDisciplineLocalizations_baseDisciplines1` FOREIGN KEY (`xBaseDiscipline`) REFERENCES `basedisciplines` (`xBaseDiscipline`) ON DELETE NO ACTION ON UPDATE NO ACTION
) ENGINE=InnoDB AUTO_INCREMENT=3 DEFAULT CHARSET=utf8mb3 COMMENT='stores the language dependet names of the disciplines';
/*!40101 SET character_set_client = @saved_cs_client */;

--
-- Dumping data for table `basedisciplinelocalizations`
--

LOCK TABLES `basedisciplinelocalizations` WRITE;
/*!40000 ALTER TABLE `basedisciplinelocalizations` DISABLE KEYS */;
INSERT INTO `basedisciplinelocalizations` VALUES (1,1,'de','Stabhochsprung','Stab'),(2,2,'de','Hochsprung','Hoch');
/*!40000 ALTER TABLE `basedisciplinelocalizations` ENABLE KEYS */;
UNLOCK TABLES;

--
-- Table structure for table `basedisciplines`
--

DROP TABLE IF EXISTS `basedisciplines`;
/*!40101 SET @saved_cs_client     = @@character_set_client */;
/*!40101 SET character_set_client = utf8 */;
CREATE TABLE `basedisciplines` (
  `xBaseDiscipline` int(10) unsigned NOT NULL AUTO_INCREMENT,
  `type` tinyint(3) unsigned NOT NULL COMMENT 'an ID for the discipline module to use, e.g. run-in-lanes-wind, run-in-lanes-noWind, run-no-lanes, tech-long, tech-high. Using modules for the disciplines allows for flexibility with new disciplines, but it might add some difficulties, as the modules will hav eto implement their own tables, which means when activating/deactivating the module, the DB has to be changed!',
  `relay` bit(1) NOT NULL DEFAULT b'0' COMMENT 'relays are a special discipline since it requires multiple athletes and therefore has a separate inscription',
  `nameStd` varchar(50) NOT NULL DEFAULT '',
  `shortnameStd` varchar(20) NOT NULL DEFAULT '',
  `timeAppeal` time NOT NULL DEFAULT '00:00:00' COMMENT 'offset from the start time',
  `timeCall` time NOT NULL DEFAULT '00:00:00' COMMENT 'offset from the start time',
  PRIMARY KEY (`xBaseDiscipline`)
) ENGINE=InnoDB AUTO_INCREMENT=3 DEFAULT CHARSET=utf8mb3 COMMENT='the base discipline (e.g. shot put --> the discipline will then further specify';
/*!40101 SET character_set_client = @saved_cs_client */;

--
-- Dumping data for table `basedisciplines`
--

LOCK TABLES `basedisciplines` WRITE;
/*!40000 ALTER TABLE `basedisciplines` DISABLE KEYS */;
INSERT INTO `basedisciplines` VALUES (1,1,'\0','Pole vault','PV','01:30:00','01:00:00'),(2,1,'\0','High jump','HJ','01:00:00','00:40:00');
/*!40000 ALTER TABLE `basedisciplines` ENABLE KEYS */;
UNLOCK TABLES;

--
-- Table structure for table `categories`
--

DROP TABLE IF EXISTS `categories`;
/*!40101 SET @saved_cs_client     = @@character_set_client */;
/*!40101 SET character_set_client = utf8 */;
CREATE TABLE `categories` (
  `xCategory` int(10) unsigned NOT NULL AUTO_INCREMENT,
  `shortname` varchar(4) NOT NULL DEFAULT '',
  `name` varchar(30) NOT NULL DEFAULT '',
  `sortorder` int(10) unsigned NOT NULL DEFAULT 1,
  `ageMin` tinyint(3) unsigned NOT NULL DEFAULT 0 COMMENT 'from and including this age',
  `ageMax` tinyint(3) unsigned NOT NULL DEFAULT 99 COMMENT 'up to and including this age',
  `code` varchar(4) NOT NULL DEFAULT '',
  `sex` enum('m','f') NOT NULL DEFAULT 'f',
  `active` bit(1) NOT NULL DEFAULT b'1',
  PRIMARY KEY (`xCategory`),
  UNIQUE KEY `Kurzname` (`shortname`),
  KEY `Anzeige` (`sortorder`)
) ENGINE=InnoDB AUTO_INCREMENT=43 DEFAULT CHARSET=utf8mb3 COMMENT='no UKC-Column';
/*!40101 SET character_set_client = @saved_cs_client */;

--
-- Dumping data for table `categories`
--

LOCK TABLES `categories` WRITE;
/*!40000 ALTER TABLE `categories` DISABLE KEYS */;
INSERT INTO `categories` VALUES (1,'MAN','MAN',1,0,99,'MAN_','m',''),(2,'U20M','U20 M',4,0,19,'U20M','m',''),(3,'U18M','U18 M',5,0,17,'U18M','m',''),(4,'U16M','U16 M',6,0,15,'U16M','m',''),(5,'U14M','U14 M',7,0,13,'U14M','m',''),(6,'U12M','U12 M',8,0,11,'U12M','m',''),(7,'WOM','WOM',10,0,99,'WOM_','f',''),(8,'U20W','U20 W',13,0,19,'U20W','f',''),(9,'U18W','U18 W',14,0,17,'U18W','f',''),(10,'U16W','U16 W',15,0,15,'U16W','f',''),(11,'U14W','U14 W',16,0,13,'U14W','f',''),(12,'U12W','U12 W',17,0,11,'U12W','f',''),(13,'U23M','U23 M',3,0,22,'U23M','m',''),(14,'U23W','U23 W',12,0,22,'U23W','f',''),(16,'U10M','U10 M',9,0,9,'U10M','m',''),(17,'U10W','U10 W',18,0,9,'U10W','f',''),(18,'MASM','MASTERS M',2,0,99,'MASM','m',''),(19,'MASW','MASTERS W',11,0,99,'MASW','f',''),(20,'M15','U16 M15',21,0,15,'M15','m',''),(21,'M14','U16 M14',22,0,14,'M14','m',''),(22,'M13','U14 M13',23,0,13,'M13','m',''),(23,'M12','U14 M12',24,0,12,'M12','m',''),(24,'M11','U12 M11',25,0,11,'M11','m',''),(25,'M10','U12 M10',26,0,10,'M10','m',''),(26,'M09','U10 M09',27,0,9,'M09','m',''),(27,'M08','U10 M08',28,0,8,'M08','m',''),(28,'M07','U10 M07',29,0,7,'M07','m',''),(29,'W15','U16 W15',31,0,15,'W15','f',''),(30,'W14','U16 W14',32,0,14,'W14','f',''),(31,'W13','U14 W13',33,0,13,'W13','f',''),(32,'W12','U14 W12',34,0,12,'W12','f',''),(33,'W11','U12 W11',35,0,11,'W11','f',''),(34,'W10','U12 W10',36,0,10,'W10','f',''),(35,'W09','U10 W09',37,0,9,'W09','f',''),(36,'W08','U10 W08',38,0,8,'W08','f',''),(37,'W07','U10 W07',39,0,7,'W07','f',''),(38,'MIXE','Männer/Frauen Mixed',22,0,99,'MIXE','m',''),(39,'U18X','U18 Mixed',19,0,17,'U18X','m',''),(40,'U20X','U20 Mixed',20,0,19,'U20X','m',''),(41,'U23X','U23 Mixed',21,0,22,'U23X','m','');
/*!40000 ALTER TABLE `categories` ENABLE KEYS */;
UNLOCK TABLES;

--
-- Table structure for table `clubs`
--

DROP TABLE IF EXISTS `clubs`;
/*!40101 SET @saved_cs_client     = @@character_set_client */;
/*!40101 SET character_set_client = utf8 */;
CREATE TABLE `clubs` (
  `xClub` int(10) unsigned NOT NULL AUTO_INCREMENT,
  `name` varchar(100) NOT NULL DEFAULT '',
  `sortvalue` varchar(100) NOT NULL DEFAULT '0',
  `usercode` varchar(30) NOT NULL DEFAULT '' COMMENT 'the username in the alabus database --> why do we need this?',
  `deleted` bit(1) NOT NULL DEFAULT b'0' COMMENT 'because clubs can not be delted as long as it is referenced --> do not ',
  PRIMARY KEY (`xClub`),
  UNIQUE KEY `Name` (`name`),
  KEY `Sortierwert` (`sortvalue`),
  KEY `xCode` (`usercode`)
) ENGINE=InnoDB AUTO_INCREMENT=644 DEFAULT CHARSET=utf8mb3;
/*!40101 SET character_set_client = @saved_cs_client */;

--
-- Dumping data for table `clubs`
--

LOCK TABLES `clubs` WRITE;
/*!40000 ALTER TABLE `clubs` DISABLE KEYS */;
INSERT INTO `clubs` VALUES (634,'Biel/Bienne Athletics','BBA','','\0'),(635,'LV Winterthur','LVW','','\0'),(636,'GG Bern','GGB','','\0'),(637,'LC Zürich','0','','\0'),(640,'Neuer Verein','Neuer Verein','','\0'),(641,'LC Adelboden','Adelboden, LC','','\0'),(642,'LC Bever','Bever, LC','','\0');
/*!40000 ALTER TABLE `clubs` ENABLE KEYS */;
UNLOCK TABLES;

--
-- Table structure for table `combinedevents`
--

DROP TABLE IF EXISTS `combinedevents`;
/*!40101 SET @saved_cs_client     = @@character_set_client */;
/*!40101 SET character_set_client = utf8 */;
CREATE TABLE `combinedevents` (
  `xCombinedEvent` int(10) unsigned NOT NULL AUTO_INCREMENT,
  `xCategory` int(10) unsigned NOT NULL,
  `name` varchar(50) NOT NULL DEFAULT '""',
  `type` tinyint(3) unsigned NOT NULL COMMENT 'here the type of the combinedEvent is stored (like 7-Kampf, 10-Kampf, custom) --> the disciplines that should be connected to this type are defined in a conf-file (but not mandatory for all combinedEventTypes, to allow custom combined Events)\ncustom = ...KAMPF',
  `xConversion` int(10) unsigned NOT NULL,
  PRIMARY KEY (`xCombinedEvent`),
  KEY `fk_event_conversion1_idx` (`xConversion`),
  KEY `fk_combinedEvents_categories1_idx` (`xCategory`),
  CONSTRAINT `fk_combinedEvents_categories1` FOREIGN KEY (`xCategory`) REFERENCES `categories` (`xCategory`) ON DELETE NO ACTION ON UPDATE NO ACTION,
  CONSTRAINT `fk_event_conversion1` FOREIGN KEY (`xConversion`) REFERENCES `conversions` (`xConversion`) ON DELETE NO ACTION ON UPDATE NO ACTION
) ENGINE=InnoDB DEFAULT CHARSET=utf8mb3 COMMENT='this table is new in Athletica2\nMehrkampf\nwieso braucht es hier die Kategorie? ist redundant\ndie Competition ist redundant';
/*!40101 SET character_set_client = @saved_cs_client */;

--
-- Dumping data for table `combinedevents`
--

LOCK TABLES `combinedevents` WRITE;
/*!40000 ALTER TABLE `combinedevents` DISABLE KEYS */;
/*!40000 ALTER TABLE `combinedevents` ENABLE KEYS */;
UNLOCK TABLES;

--
-- Table structure for table `competitions`
--

DROP TABLE IF EXISTS `competitions`;
/*!40101 SET @saved_cs_client     = @@character_set_client */;
/*!40101 SET character_set_client = utf8 */;
CREATE TABLE `competitions` (
  `xCompetition` int(10) unsigned NOT NULL AUTO_INCREMENT,
  `type` tinyint(3) unsigned NOT NULL DEFAULT 0 COMMENT 'die Art des "Wettkampfes"=der Wettkampftyp, zB: normal, SVM-LigaA, Kids-Cup, ... (Referenz wird als Nummer abgelegt)\nSMALLINT: damit es sicherlich immer reicht für alle Typen (65535 Werte möglich)',
  `name` varchar(100) NOT NULL DEFAULT '' COMMENT 'Name zur leichteren Identifikation, kann ev auf Anzeigen, Online oder auf den Wettkampfblättern gebruacht werden',
  `teamCompetition` tinyint(1) NOT NULL DEFAULT 0,
  PRIMARY KEY (`xCompetition`)
) ENGINE=InnoDB DEFAULT CHARSET=utf8mb3 COMMENT='defines diffrerent competitions (standard, SVM A, SVM B, team-SM, Kids-cup, etc.) which defines standard parameters for track-distribution-strategies, print-Setups, \n\nev hier noch Startgelder für Teams eingeben';
/*!40101 SET character_set_client = @saved_cs_client */;

--
-- Dumping data for table `competitions`
--

LOCK TABLES `competitions` WRITE;
/*!40000 ALTER TABLE `competitions` DISABLE KEYS */;
/*!40000 ALTER TABLE `competitions` ENABLE KEYS */;
UNLOCK TABLES;

--
-- Table structure for table `contest_high`
--

DROP TABLE IF EXISTS `contest_high`;
/*!40101 SET @saved_cs_client     = @@character_set_client */;
/*!40101 SET character_set_client = utf8 */;
CREATE TABLE `contest_high` (
  `xContests` int(10) unsigned NOT NULL AUTO_INCREMENT,
  `jumpoff` tinyint(1) NOT NULL DEFAULT 0 COMMENT '=Stichkampf yes/no\ngeneraly only on championshiops, therefore the standard is no',
  PRIMARY KEY (`xContests`),
  CONSTRAINT `fk_contest_high_contest1` FOREIGN KEY (`xContests`) REFERENCES `contests` (`xContest`) ON DELETE NO ACTION ON UPDATE NO ACTION
) ENGINE=InnoDB DEFAULT CHARSET=utf8mb3;
/*!40101 SET character_set_client = @saved_cs_client */;

--
-- Dumping data for table `contest_high`
--

LOCK TABLES `contest_high` WRITE;
/*!40000 ALTER TABLE `contest_high` DISABLE KEYS */;
/*!40000 ALTER TABLE `contest_high` ENABLE KEYS */;
UNLOCK TABLES;

--
-- Table structure for table `contests`
--

DROP TABLE IF EXISTS `contests`;
/*!40101 SET @saved_cs_client     = @@character_set_client */;
/*!40101 SET character_set_client = utf8 */;
CREATE TABLE `contests` (
  `xContest` int(10) unsigned NOT NULL AUTO_INCREMENT,
  `xBaseDiscipline` int(10) unsigned NOT NULL COMMENT 'Decision',
  `datetimeAppeal` datetime NOT NULL DEFAULT '2020-01-01 10:00:00' COMMENT 'It shall be possible that the different times are not on the same date; on the UI, do not show the date by default',
  `datetimeCall` datetime NOT NULL DEFAULT '2020-01-01 10:00:00' COMMENT 'It shall be possible that the different times are not on the same date; on the UI, do not show the date by default',
  `datetimeStart` datetime NOT NULL DEFAULT '2020-01-01 10:00:00' COMMENT 'It shall be possible that the different times are not on the same date; on the UI, do not show the date by default',
  `status` tinyint(3) unsigned NOT NULL DEFAULT 0 COMMENT 'Startliste/Appell gemacht/Serien eingeteilt/Resultate erfasst/...',
  `conf` text NOT NULL DEFAULT '' COMMENT '(replacement for extra tables for each discipline)\nThe configuration for the discipline: timing-stuff, number of attempts in tech, do final in tech, # finalists, turnOrder, jumpoff techHhigh), heightIncreases, ...',
  PRIMARY KEY (`xContest`),
  KEY `fk_contests_baseDisciplines1_idx` (`xBaseDiscipline`),
  CONSTRAINT `fk_contests_baseDisciplines1` FOREIGN KEY (`xBaseDiscipline`) REFERENCES `basedisciplines` (`xBaseDiscipline`) ON DELETE NO ACTION ON UPDATE NO ACTION
) ENGINE=InnoDB AUTO_INCREMENT=6 DEFAULT CHARSET=utf8mb3 COMMENT='NOTE: It should be tried to have all competition specific configuration in the configuration string. ';
/*!40101 SET character_set_client = @saved_cs_client */;

--
-- Dumping data for table `contests`
--

LOCK TABLES `contests` WRITE;
/*!40000 ALTER TABLE `contests` DISABLE KEYS */;
INSERT INTO `contests` VALUES (1,1,'2020-01-01 10:00:00','2020-01-01 10:45:00','2020-01-01 11:00:00',10,''),(2,1,'2020-01-01 12:00:00','2020-01-01 12:30:00','2020-01-01 13:30:00',10,''),(3,1,'2020-10-10 06:30:00','2020-10-10 07:15:00','2020-10-10 08:00:00',70,'{\"heightIncreases\":[{\"heightIncreaseStartheight\":200,\"heightIncrease\":25},{\"heightIncreaseStartheight\":250,\"heightIncrease\":20}],\"jumpoff\":false}'),(4,1,'1993-03-03 07:40:00','1993-03-03 08:25:00','1993-03-03 09:10:00',10,''),(5,2,'2021-01-01 08:34:00','2021-01-01 08:54:00','2021-01-01 10:34:00',10,'');
/*!40000 ALTER TABLE `contests` ENABLE KEYS */;
UNLOCK TABLES;

--
-- Table structure for table `contests_tech`
--

DROP TABLE IF EXISTS `contests_tech`;
/*!40101 SET @saved_cs_client     = @@character_set_client */;
/*!40101 SET character_set_client = utf8 */;
CREATE TABLE `contests_tech` (
  `xContest` int(10) unsigned NOT NULL,
  `attempts` tinyint(3) unsigned NOT NULL DEFAULT 1 COMMENT 'how many attempts per athlete (',
  `final` bit(1) NOT NULL DEFAULT b'0' COMMENT 'could also be done by setting attmeptsBeforeFinal=0',
  `finalists` tinyint(4) NOT NULL DEFAULT 0,
  `attempsBeforeFinal` tinyint(4) NOT NULL DEFAULT 0,
  `turnOrder` bit(1) NOT NULL DEFAULT b'0',
  `bestResOnly` bit(1) NOT NULL DEFAULT b'0',
  PRIMARY KEY (`xContest`),
  CONSTRAINT `fk_contest_tech_contest1` FOREIGN KEY (`xContest`) REFERENCES `contests` (`xContest`) ON DELETE NO ACTION ON UPDATE NO ACTION
) ENGINE=InnoDB DEFAULT CHARSET=utf8mb3 COMMENT='stores the settings for technical rounds (number of attempts, perform a final)\nactually this could all be stored also as a simple configuration string';
/*!40101 SET character_set_client = @saved_cs_client */;

--
-- Dumping data for table `contests_tech`
--

LOCK TABLES `contests_tech` WRITE;
/*!40000 ALTER TABLE `contests_tech` DISABLE KEYS */;
/*!40000 ALTER TABLE `contests_tech` ENABLE KEYS */;
UNLOCK TABLES;

--
-- Table structure for table `contests_track`
--

DROP TABLE IF EXISTS `contests_track`;
/*!40101 SET @saved_cs_client     = @@character_set_client */;
/*!40101 SET character_set_client = utf8 */;
CREATE TABLE `contests_track` (
  `xContest` int(10) unsigned NOT NULL,
  `statusTimekeeper` tinyint(3) unsigned NOT NULL DEFAULT 0 COMMENT 'what is that for? store whether the data has already been writen (then it maybe should be changed to series, given the chronometry can import single series and not only groups of series)?',
  `trackQnty` tinyint(3) unsigned NOT NULL DEFAULT 6 COMMENT 'maybe deleted and replace with the setting that is made via the site',
  PRIMARY KEY (`xContest`),
  CONSTRAINT `fk_contest_track_contest1` FOREIGN KEY (`xContest`) REFERENCES `contests` (`xContest`) ON DELETE NO ACTION ON UPDATE NO ACTION
) ENGINE=InnoDB DEFAULT CHARSET=utf8mb3 COMMENT='probably this is not necessary: trackQnty is given in the site-table, and the statusTimekeeper might be obsolete, when assuming that it must be uptodate always\n\nno qualification stuff here anymore because:\n- would not be logical whether the configuration counts from the last round to this or to the next\n- one round of a contest would not  have a configuration --> space unsed without need\n- would not allow for different qualification strategies, that e.g. also migh be applied to tech disciplines';
/*!40101 SET character_set_client = @saved_cs_client */;

--
-- Dumping data for table `contests_track`
--

LOCK TABLES `contests_track` WRITE;
/*!40000 ALTER TABLE `contests_track` DISABLE KEYS */;
/*!40000 ALTER TABLE `contests_track` ENABLE KEYS */;
UNLOCK TABLES;

--
-- Table structure for table `conversionparams`
--

DROP TABLE IF EXISTS `conversionparams`;
/*!40101 SET @saved_cs_client     = @@character_set_client */;
/*!40101 SET character_set_client = utf8 */;
CREATE TABLE `conversionparams` (
  `xConversion` int(10) unsigned NOT NULL,
  `xDiscipline` int(10) unsigned NOT NULL,
  `params` varchar(100) NOT NULL DEFAULT '',
  PRIMARY KEY (`xConversion`,`xDiscipline`),
  KEY `fk_conversionParams_conversion_idx` (`xConversion`),
  KEY `fk_conversionParams_disciplineType_idx` (`xDiscipline`),
  CONSTRAINT `fk_conversionParams_conversion` FOREIGN KEY (`xConversion`) REFERENCES `conversions` (`xConversion`) ON DELETE NO ACTION ON UPDATE NO ACTION,
  CONSTRAINT `fk_conversionParams_disciplineType` FOREIGN KEY (`xDiscipline`) REFERENCES `disciplines` (`xDiscipline`) ON DELETE NO ACTION ON UPDATE NO ACTION
) ENGINE=InnoDB DEFAULT CHARSET=utf8mb3 COMMENT='stores the paramteters for each conversion type for each discipline\n--> for ''each'' discipline?  not necessary all.';
/*!40101 SET character_set_client = @saved_cs_client */;

--
-- Dumping data for table `conversionparams`
--

LOCK TABLES `conversionparams` WRITE;
/*!40000 ALTER TABLE `conversionparams` DISABLE KEYS */;
/*!40000 ALTER TABLE `conversionparams` ENABLE KEYS */;
UNLOCK TABLES;

--
-- Table structure for table `conversions`
--

DROP TABLE IF EXISTS `conversions`;
/*!40101 SET @saved_cs_client     = @@character_set_client */;
/*!40101 SET character_set_client = utf8 */;
CREATE TABLE `conversions` (
  `xConversion` int(10) unsigned NOT NULL AUTO_INCREMENT,
  `name` varchar(50) NOT NULL COMMENT 'possible problem: translation; as long as this is simply a general name like ''IAAF'' or ''swiss-athletics'', it is no problem',
  `type` tinyint(3) unsigned NOT NULL DEFAULT 0 COMMENT 'defines the internal routine that should be called',
  PRIMARY KEY (`xConversion`),
  UNIQUE KEY `name_UNIQUE` (`name`)
) ENGINE=InnoDB DEFAULT CHARSET=utf8mb3 COMMENT='stores the different conversion types --> ''+-unchangable table'', so probably better not in databse, but ''conf-coded'' somewhere';
/*!40101 SET character_set_client = @saved_cs_client */;

--
-- Dumping data for table `conversions`
--

LOCK TABLES `conversions` WRITE;
/*!40000 ALTER TABLE `conversions` DISABLE KEYS */;
/*!40000 ALTER TABLE `conversions` ENABLE KEYS */;
UNLOCK TABLES;

--
-- Table structure for table `countries`
--

DROP TABLE IF EXISTS `countries`;
/*!40101 SET @saved_cs_client     = @@character_set_client */;
/*!40101 SET character_set_client = utf8 */;
CREATE TABLE `countries` (
  `xCountry` char(3) NOT NULL,
  `countryName` varchar(100) NOT NULL DEFAULT '',
  `countrySortvalue` int(11) NOT NULL DEFAULT 0,
  PRIMARY KEY (`xCountry`)
) ENGINE=InnoDB DEFAULT CHARSET=utf8mb3 COMMENT='the countries are now included in the region table; this table is not used anymore.';
/*!40101 SET character_set_client = @saved_cs_client */;

--
-- Dumping data for table `countries`
--

LOCK TABLES `countries` WRITE;
/*!40000 ALTER TABLE `countries` DISABLE KEYS */;
/*!40000 ALTER TABLE `countries` ENABLE KEYS */;
UNLOCK TABLES;

--
-- Table structure for table `disciplines`
--

DROP TABLE IF EXISTS `disciplines`;
/*!40101 SET @saved_cs_client     = @@character_set_client */;
/*!40101 SET character_set_client = utf8 */;
CREATE TABLE `disciplines` (
  `xDiscipline` int(10) unsigned NOT NULL AUTO_INCREMENT,
  `xBaseDiscipline` int(10) unsigned NOT NULL COMMENT 'Use the same number for disciplines which shall be joinable.',
  `sortorder` int(10) unsigned NOT NULL DEFAULT 1 COMMENT 'Sortierwert?',
  `indoor` bit(1) NOT NULL DEFAULT b'0',
  `active` bit(1) NOT NULL DEFAULT b'1',
  `configuration` text NOT NULL DEFAULT '' COMMENT 'This should contain e.g. a JSON string with discipline specific settings, e.g. distance, wind, whatever, which is then interpreted by the type of the discipline. ',
  PRIMARY KEY (`xDiscipline`,`xBaseDiscipline`),
  KEY `Anzeige` (`sortorder`),
  KEY `baseDiscipline` (`xBaseDiscipline`),
  CONSTRAINT `fk_disciplines_baseDisciplines1` FOREIGN KEY (`xBaseDiscipline`) REFERENCES `basedisciplines` (`xBaseDiscipline`) ON DELETE NO ACTION ON UPDATE NO ACTION
) ENGINE=InnoDB AUTO_INCREMENT=208 DEFAULT CHARSET=utf8mb3 COMMENT='wind, distance etc are specified in configuration';
/*!40101 SET character_set_client = @saved_cs_client */;

--
-- Dumping data for table `disciplines`
--

LOCK TABLES `disciplines` WRITE;
/*!40000 ALTER TABLE `disciplines` DISABLE KEYS */;
INSERT INTO `disciplines` VALUES (206,1,1,'\0','',''),(207,2,2,'\0','','');
/*!40000 ALTER TABLE `disciplines` ENABLE KEYS */;
UNLOCK TABLES;

--
-- Table structure for table `disciplinesonsite`
--

DROP TABLE IF EXISTS `disciplinesonsite`;
/*!40101 SET @saved_cs_client     = @@character_set_client */;
/*!40101 SET character_set_client = utf8 */;
CREATE TABLE `disciplinesonsite` (
  `xSite` int(10) unsigned NOT NULL,
  `xBaseDiscipline` int(10) unsigned NOT NULL,
  PRIMARY KEY (`xBaseDiscipline`,`xSite`),
  KEY `fk_disciplines_on_site_sites1_idx` (`xSite`),
  CONSTRAINT `fk_disciplines_on_site_sites1` FOREIGN KEY (`xSite`) REFERENCES `sites` (`xSite`) ON DELETE NO ACTION ON UPDATE NO ACTION
) ENGINE=InnoDB DEFAULT CHARSET=utf8mb3 COMMENT='The alternative to this table would be to define several site types (e.g. track: straight only or full track, with/out wind, max-length; tech: hammer/discus combined or only one of them? Longjump/Triplejump or only one of them?). However, this is not flexible enough when the database should also be able to handle any kind of special, yet unknown disciplines. Therefore, we use this more generalized approach. ';
/*!40101 SET character_set_client = @saved_cs_client */;

--
-- Dumping data for table `disciplinesonsite`
--

LOCK TABLES `disciplinesonsite` WRITE;
/*!40000 ALTER TABLE `disciplinesonsite` DISABLE KEYS */;
/*!40000 ALTER TABLE `disciplinesonsite` ENABLE KEYS */;
UNLOCK TABLES;

--
-- Table structure for table `eventgroups`
--

DROP TABLE IF EXISTS `eventgroups`;
/*!40101 SET @saved_cs_client     = @@character_set_client */;
/*!40101 SET character_set_client = utf8 */;
CREATE TABLE `eventgroups` (
  `xEventGroup` int(10) unsigned NOT NULL AUTO_INCREMENT,
  `xDiscipline` int(10) unsigned NOT NULL,
  `name` varchar(50) NOT NULL DEFAULT '',
  `combined` bit(1) NOT NULL DEFAULT b'0' COMMENT 'this means it is a combined event (heptathlon, ...) --> prevents having multiple rounds as there every discipline has only one round',
  PRIMARY KEY (`xEventGroup`),
  KEY `fk_contest_disciplineType1_idx` (`xDiscipline`),
  CONSTRAINT `fk_contest_disciplineType1` FOREIGN KEY (`xDiscipline`) REFERENCES `disciplines` (`xDiscipline`) ON DELETE NO ACTION ON UPDATE NO ACTION
) ENGINE=InnoDB AUTO_INCREMENT=5 DEFAULT CHARSET=utf8mb3 COMMENT='entually add here some configuration stuff for groups that might be useful when group-memberships should be transferred: e.g. shall all rounds share the same groups, i.e. the person is always in group 2\nmaybe a part of this info must also be stored in rounds!';
/*!40101 SET character_set_client = @saved_cs_client */;

--
-- Dumping data for table `eventgroups`
--

LOCK TABLES `eventgroups` WRITE;
/*!40000 ALTER TABLE `eventgroups` DISABLE KEYS */;
INSERT INTO `eventgroups` VALUES (1,206,'Stab 2.00','\0'),(2,207,'Hoch2','\0'),(3,206,'Stab 4.20','\0'),(4,207,'test hoch','');
/*!40000 ALTER TABLE `eventgroups` ENABLE KEYS */;
UNLOCK TABLES;

--
-- Table structure for table `events`
--

DROP TABLE IF EXISTS `events`;
/*!40101 SET @saved_cs_client     = @@character_set_client */;
/*!40101 SET character_set_client = utf8 */;
CREATE TABLE `events` (
  `xEvent` int(10) unsigned NOT NULL AUTO_INCREMENT,
  `xDiscipline` int(10) unsigned NOT NULL,
  `xCategory` int(10) unsigned NOT NULL COMMENT 'I think it is ok like this; but eventually we want to have the possibility for multiple categories per event for some reason. Then an additional table with the categories per ventu would be needed. ',
  `xEventGroup` int(10) unsigned DEFAULT NULL,
  `entryFee` float unsigned NOT NULL DEFAULT 0,
  `bailFee` float unsigned NOT NULL DEFAULT 0,
  `onlineId` int(10) unsigned NOT NULL DEFAULT 0,
  `date` datetime DEFAULT NULL,
  `info` varchar(50) DEFAULT NULL,
  PRIMARY KEY (`xEvent`),
  KEY `fk_discipline_disciplineType1_idx` (`xDiscipline`),
  KEY `fk_discipline_category1_idx` (`xCategory`),
  KEY `fk_events_eventGroup1_idx` (`xEventGroup`),
  CONSTRAINT `fk_discipline_category1` FOREIGN KEY (`xCategory`) REFERENCES `categories` (`xCategory`) ON DELETE NO ACTION ON UPDATE NO ACTION,
  CONSTRAINT `fk_discipline_disciplineType1` FOREIGN KEY (`xDiscipline`) REFERENCES `disciplines` (`xDiscipline`) ON DELETE NO ACTION ON UPDATE NO ACTION,
  CONSTRAINT `fk_events_eventGroup1` FOREIGN KEY (`xEventGroup`) REFERENCES `eventgroups` (`xEventGroup`) ON DELETE NO ACTION ON UPDATE NO ACTION
) ENGINE=InnoDB AUTO_INCREMENT=8 DEFAULT CHARSET=utf8mb3 COMMENT='the events (=single disciplines), an athlete / relay can have an inscription (table start) to\n\nnot implemented compared to wettkampf, but seems ok like this:\ntyp (formerly used to distinguish combined), Punktetabelle, Punkteformel, Windmessung, Zeitmessung, ZeitmessungAuto, Mehrkampfcode, Mehrkampfende, Mehrkampfreihenfolge, xKategorie_SVM, TypAenderung (seems was unused)';
/*!40101 SET character_set_client = @saved_cs_client */;

--
-- Dumping data for table `events`
--

LOCK TABLES `events` WRITE;
/*!40000 ALTER TABLE `events` DISABLE KEYS */;
INSERT INTO `events` VALUES (1,206,1,1,0,0,0,'2021-01-01 05:23:00','200'),(4,207,4,2,15,0,0,NULL,''),(5,206,7,1,3,0,0,'2021-01-01 09:10:00','200'),(6,206,2,NULL,0,0,0,'2021-01-01 09:00:00',''),(7,206,1,3,0,0,0,'2021-01-01 12:00:00','420');
/*!40000 ALTER TABLE `events` ENABLE KEYS */;
UNLOCK TABLES;

--
-- Table structure for table `groups`
--

DROP TABLE IF EXISTS `groups`;
/*!40101 SET @saved_cs_client     = @@character_set_client */;
/*!40101 SET character_set_client = utf8 */;
CREATE TABLE `groups` (
  `xRound` int(10) unsigned NOT NULL,
  `number` smallint(5) unsigned NOT NULL DEFAULT 1,
  `xContest` int(10) unsigned DEFAULT NULL COMMENT 'eventually allow null here',
  `name` varchar(45) NOT NULL DEFAULT '' COMMENT 'shall be implemented in the future: each group can have a name, and not only a number.',
  PRIMARY KEY (`xRound`,`number`),
  UNIQUE KEY `uq_xRound_number` (`xRound`,`number`),
  KEY `fk_rounds_has_contest_rounds1_idx` (`xRound`),
  KEY `fk_groups_contest1_idx` (`xContest`),
  CONSTRAINT `fk_groups_contest1` FOREIGN KEY (`xContest`) REFERENCES `contests` (`xContest`) ON DELETE NO ACTION ON UPDATE NO ACTION,
  CONSTRAINT `fk_rounds_has_contest_rounds1` FOREIGN KEY (`xRound`) REFERENCES `rounds` (`xRound`) ON DELETE NO ACTION ON UPDATE NO ACTION
) ENGINE=InnoDB DEFAULT CHARSET=utf8mb3;
/*!40101 SET character_set_client = @saved_cs_client */;

--
-- Dumping data for table `groups`
--

LOCK TABLES `groups` WRITE;
/*!40000 ALTER TABLE `groups` DISABLE KEYS */;
INSERT INTO `groups` VALUES (277,1,3,'Gruppe 1'),(277,2,4,'Gruppe 2'),(278,1,2,'Gruppe 1'),(308,1,3,'Gruppe 1');
/*!40000 ALTER TABLE `groups` ENABLE KEYS */;
UNLOCK TABLES;

--
-- Table structure for table `heightincreases`
--

DROP TABLE IF EXISTS `heightincreases`;
/*!40101 SET @saved_cs_client     = @@character_set_client */;
/*!40101 SET character_set_client = utf8 */;
CREATE TABLE `heightincreases` (
  `xHeightIncrease` int(10) unsigned NOT NULL AUTO_INCREMENT,
  `xContest` int(10) unsigned NOT NULL COMMENT 'to which series this incrementation belongs',
  `heightIncreaseStartheight` smallint(5) unsigned NOT NULL COMMENT 'starting at which height',
  `heightIncrease` smallint(5) unsigned NOT NULL DEFAULT 0 COMMENT 'increase steps from this height on',
  PRIMARY KEY (`xHeightIncrease`),
  KEY `fk_heightIncreases_rounds_high1_idx` (`xContest`),
  CONSTRAINT `fk_heightIncreases_rounds_high1` FOREIGN KEY (`xContest`) REFERENCES `contest_high` (`xContests`) ON DELETE NO ACTION ON UPDATE NO ACTION
) ENGINE=InnoDB DEFAULT CHARSET=utf8mb3;
/*!40101 SET character_set_client = @saved_cs_client */;

--
-- Dumping data for table `heightincreases`
--

LOCK TABLES `heightincreases` WRITE;
/*!40000 ALTER TABLE `heightincreases` DISABLE KEYS */;
/*!40000 ALTER TABLE `heightincreases` ENABLE KEYS */;
UNLOCK TABLES;

--
-- Table structure for table `heights`
--

DROP TABLE IF EXISTS `heights`;
/*!40101 SET @saved_cs_client     = @@character_set_client */;
/*!40101 SET character_set_client = utf8 */;
CREATE TABLE `heights` (
  `xHeight` int(10) unsigned NOT NULL AUTO_INCREMENT,
  `xSeries` int(10) unsigned NOT NULL,
  `jumpoffOrder` smallint(5) unsigned NOT NULL DEFAULT 0 COMMENT 'defines the order if it is a jumpoff height. For all other heights, this property has to be 0. The height is then automatically given through the height, as it can only increase.',
  `height` smallint(5) unsigned NOT NULL,
  PRIMARY KEY (`xHeight`),
  KEY `fk_height_series1_idx` (`xSeries`),
  CONSTRAINT `fk_height_series1` FOREIGN KEY (`xSeries`) REFERENCES `series` (`xSeries`) ON DELETE NO ACTION ON UPDATE NO ACTION
) ENGINE=InnoDB DEFAULT CHARSET=utf8mb3;
/*!40101 SET character_set_client = @saved_cs_client */;

--
-- Dumping data for table `heights`
--

LOCK TABLES `heights` WRITE;
/*!40000 ALTER TABLE `heights` DISABLE KEYS */;
/*!40000 ALTER TABLE `heights` ENABLE KEYS */;
UNLOCK TABLES;

--
-- Table structure for table `inscriptions`
--

DROP TABLE IF EXISTS `inscriptions`;
/*!40101 SET @saved_cs_client     = @@character_set_client */;
/*!40101 SET character_set_client = utf8 */;
CREATE TABLE `inscriptions` (
  `xInscription` int(10) unsigned NOT NULL AUTO_INCREMENT,
  `xCategory` int(10) unsigned NOT NULL,
  `number` int(10) unsigned NOT NULL DEFAULT 0 COMMENT 'bib',
  PRIMARY KEY (`xInscription`),
  KEY `fk_inscription_category1_idx` (`xCategory`),
  CONSTRAINT `fk_inscription_category1` FOREIGN KEY (`xCategory`) REFERENCES `categories` (`xCategory`) ON DELETE NO ACTION ON UPDATE NO ACTION
) ENGINE=InnoDB AUTO_INCREMENT=1111 DEFAULT CHARSET=utf8mb3 COMMENT='why do we need inscriptions: because we want that relays and regular athletes can be treated the same in the events! this is also the reason why athletes/relays are a "subtable" of inscritpion and not vice versa.\n\nev. delete xCategory\n\nmissing:\nErstserie, Bezahlt, Gruppe(!), BestleistungMK, Vereinsinfo, xTeam, BaseEffortMK, AnmeldeNr_ZLV (!), KidID, Angemeldet, VorjahrleistungMK';
/*!40101 SET character_set_client = @saved_cs_client */;

--
-- Dumping data for table `inscriptions`
--

LOCK TABLES `inscriptions` WRITE;
/*!40000 ALTER TABLE `inscriptions` DISABLE KEYS */;
INSERT INTO `inscriptions` VALUES (4,8,1035),(100,7,26),(101,7,27),(102,1,28),(103,7,29),(104,1,30),(105,1,112),(106,7,31),(107,7,32),(108,7,33),(109,1,34),(110,1,35),(111,1,36),(112,1,37),(113,1,38),(114,7,39),(115,1,40),(116,7,41),(117,7,42),(118,7,43),(119,1,44),(120,1,45),(121,7,46),(122,1,47),(123,7,48),(124,1,49),(125,1,50),(126,7,51),(127,1,52),(128,1,53),(129,7,54),(130,7,55),(131,1,56),(132,1,57),(133,1,58),(134,1,59),(135,1,60),(136,1,61),(137,7,62),(138,7,63),(139,1,64),(140,1,65),(141,7,66),(142,7,67),(143,7,68),(144,1,69),(145,7,70),(146,7,71),(147,7,72),(148,7,73),(149,1,74),(150,7,75),(151,7,76),(152,1,77),(153,7,78),(154,7,79),(155,7,80),(156,7,81),(157,1,82),(158,7,83),(159,1,84),(160,1,85),(161,1,86),(162,7,87),(163,1,88),(164,1,89),(165,7,90),(166,1,91),(167,1,92),(168,1,93),(169,1,94),(170,7,95),(171,7,96),(172,1,97),(173,1,98),(174,7,99),(175,1,100),(176,1,101),(177,7,102),(178,7,103),(179,1,104),(180,7,105),(181,1,106),(182,7,107),(183,7,108),(184,7,109),(185,7,110),(186,1,111),(187,1,25),(188,7,113),(189,7,114),(190,7,115),(191,1,116),(192,1,117),(193,1,118),(194,1,119),(195,1,120),(196,7,121),(197,1,122),(198,7,123),(199,7,124),(200,1,125),(201,7,126),(202,1,127),(203,7,128),(204,7,129),(205,7,130),(206,7,131),(207,1,132),(208,7,133),(209,7,134),(210,7,135),(211,7,136),(212,7,137),(213,7,138),(214,1,139),(215,7,140),(216,7,141),(217,1,142),(218,1,143),(219,7,144),(220,1,145),(221,1,146),(222,1,147),(223,7,148),(224,7,149),(225,7,150),(226,7,151),(227,1,152),(228,7,153),(229,7,154),(230,7,155),(231,1,156),(232,7,157),(233,7,159),(234,1,158),(235,7,161),(236,1,160),(237,7,162),(238,1,163),(239,7,164),(240,7,165),(241,7,166),(242,1,167),(243,1,168),(244,7,169),(245,7,170),(246,1,171),(247,1,172),(248,7,173),(249,7,174),(250,1,175),(251,7,176),(252,1,177),(253,7,178),(254,7,179),(255,7,180),(256,7,181),(257,7,182),(258,7,183),(259,7,184),(260,1,185),(261,1,186),(262,7,187),(263,1,188),(264,1,189),(265,7,190),(266,1,191),(267,1,192),(268,1,193),(269,1,194),(270,7,195),(271,1,196),(272,7,197),(273,7,198),(274,7,199),(275,7,200),(276,7,201),(277,7,202),(278,7,203),(279,1,204),(280,1,205),(281,7,206),(282,7,207),(283,7,208),(284,7,209),(285,7,210),(286,1,211),(287,1,212),(288,1,213),(289,7,214),(290,1,215),(291,7,216),(292,7,217),(293,7,218),(294,7,220),(295,1,219),(296,7,221),(297,1,222),(298,7,223),(299,7,224),(300,7,225),(301,7,226),(302,7,227),(303,7,228),(304,7,229),(305,7,230),(306,7,231),(307,7,232),(308,1,233),(309,7,234),(310,7,235),(311,7,236),(312,7,237),(313,1,238),(314,1,239),(315,1,240),(316,7,241),(317,1,242),(318,7,243),(319,1,244),(320,7,245),(321,1,246),(322,1,247),(323,7,248),(324,7,249),(325,1,250),(326,7,251),(327,7,252),(328,7,253),(329,1,254),(330,7,255),(331,7,257),(332,7,258),(333,7,259),(334,7,260),(335,7,261),(336,1,256),(337,1,262),(338,7,263),(339,7,267),(340,7,264),(341,1,265),(342,7,266),(343,7,268),(344,7,269),(345,7,270),(346,7,271),(347,7,272),(348,7,273),(349,7,274),(350,7,277),(351,1,275),(352,1,276),(353,7,278),(354,7,279),(355,7,280),(356,7,281),(357,7,282),(358,1,283),(359,7,284),(360,1,285),(361,7,286),(362,7,287),(363,7,288),(364,1,289),(365,7,290),(366,7,291),(367,7,292),(368,1,293),(369,1,294),(370,7,295),(371,7,296),(372,1,297),(373,7,298),(374,7,299),(375,7,300),(376,7,301),(377,1,302),(378,1,303),(379,7,304),(380,1,305),(381,1,306),(382,7,307),(383,7,308),(384,1,309),(385,1,310),(386,7,311),(387,1,312),(388,7,313),(389,7,314),(390,7,315),(391,1,316),(392,1,317),(393,7,318),(394,7,319),(395,7,320),(396,7,321),(397,1,322),(398,1,323),(399,1,324),(400,7,325),(401,7,326),(402,1,327),(403,7,328),(404,1,329),(405,7,330),(406,7,331),(407,1,332),(408,1,333),(409,1,334),(410,1,335),(411,7,336),(412,7,337),(413,1,338),(414,7,339),(415,1,340),(416,7,341),(417,1,342),(418,1,343),(419,7,344),(420,7,345),(421,7,346),(422,1,347),(423,1,348),(424,1,349),(425,1,350),(426,1,351),(427,1,352),(428,7,353),(429,1,354),(430,7,355),(431,7,356),(432,1,357),(433,7,358),(434,7,359),(435,1,360),(436,7,361),(437,1,362),(438,7,363),(439,7,364),(440,7,365),(441,1,366),(442,7,367),(443,1,368),(444,7,369),(445,1,370),(446,1,371),(447,7,372),(448,1,373),(449,7,374),(450,7,375),(451,1,376),(452,7,377),(453,7,378),(454,7,379),(455,1,380),(456,7,381),(457,7,382),(458,1,383),(459,7,384),(460,1,385),(461,7,386),(462,1,387),(463,7,388),(464,7,389),(465,7,390),(466,7,391),(467,7,392),(468,7,393),(469,1,394),(470,1,395),(471,7,396),(472,7,397),(473,1,398),(474,1,399),(475,7,400),(476,1,401),(477,1,402),(478,7,403),(479,7,404),(480,7,405),(481,7,406),(482,1,407),(483,7,408),(484,1,409),(485,1,410),(486,7,411),(487,7,412),(488,7,413),(489,7,414),(490,7,415),(491,1,416),(492,1,417),(493,1,418),(494,1,419),(495,1,420),(496,1,421),(497,7,422),(498,1,423),(499,7,424),(500,7,425),(501,7,426),(502,7,427),(503,7,428),(504,1,429),(505,1,430),(506,7,431),(507,7,432),(508,7,433),(509,7,434),(510,7,435),(511,1,436),(512,7,437),(513,1,438),(514,7,439),(515,7,440),(516,7,441),(517,7,442),(518,7,443),(519,1,444),(520,7,445),(521,1,446),(522,1,447),(523,7,448),(524,7,449),(525,7,450),(526,1,451),(527,7,452),(528,7,453),(529,1,454),(530,7,455),(531,7,456),(532,1,457),(533,1,458),(534,7,459),(535,1,460),(536,1,461),(537,1,462),(538,1,463),(539,7,464),(540,1,465),(541,1,466),(542,1,467),(543,7,468),(544,1,469),(545,7,470),(546,1,471),(547,1,472),(548,7,473),(549,7,474),(550,7,475),(551,7,476),(552,7,477),(553,1,478),(554,7,479),(555,7,480),(556,7,481),(557,1,482),(558,1,483),(559,1,484),(560,7,485),(561,7,486),(562,1,487),(563,7,488),(564,1,489),(565,7,490),(566,1,491),(567,7,492),(568,1,493),(569,7,494),(570,7,495),(571,7,496),(572,1,497),(573,1,498),(574,7,499),(575,7,500),(576,7,501),(577,1,502),(578,1,503),(579,7,504),(580,7,505),(581,1,508),(582,1,509),(583,1,510),(584,1,511),(585,7,512),(586,7,513),(587,1,548),(588,1,514),(589,1,515),(590,1,516),(591,1,517),(592,1,518),(593,7,519),(594,7,520),(595,1,521),(596,1,522),(597,7,523),(598,7,524),(599,7,525),(600,1,526),(601,7,527),(602,1,528),(603,1,529),(604,7,530),(605,1,531),(606,7,532),(607,1,533),(608,7,534),(609,7,535),(610,1,536),(611,7,537),(612,7,538),(613,1,539),(614,7,540),(615,7,541),(616,1,542),(617,7,543),(618,1,544),(619,1,545),(620,1,546),(621,1,547),(622,7,549),(623,1,550),(624,7,551),(625,1,552),(626,7,553),(627,1,554),(628,1,555),(629,1,556),(630,7,557),(631,1,558),(632,1,559),(633,7,560),(634,7,561),(635,7,562),(636,7,563),(637,7,564),(638,7,565),(639,7,566),(640,1,567),(641,7,568),(642,1,569),(643,1,570),(644,1,571),(645,7,572),(646,7,574),(647,1,575),(648,7,573),(649,1,576),(650,1,577),(651,1,578),(652,1,579),(653,1,580),(654,7,581),(655,7,582),(656,7,583),(657,7,584),(658,1,585),(659,7,586),(660,1,587),(661,1,588),(662,7,589),(663,7,590),(664,1,591),(665,1,592),(666,1,506),(667,1,593),(668,1,594),(669,7,595),(670,1,596),(671,1,597),(672,7,598),(673,1,599),(674,1,600),(675,7,601),(676,1,602),(677,7,603),(678,7,604),(679,7,605),(680,1,606),(681,1,607),(682,7,608),(683,1,609),(684,7,610),(685,1,611),(686,1,612),(687,7,613),(688,7,614),(689,1,615),(690,7,616),(691,7,617),(692,7,618),(693,7,619),(694,1,620),(695,1,621),(696,7,622),(697,7,623),(698,7,624),(699,1,625),(700,1,626),(701,1,627),(702,1,628),(703,7,629),(704,1,630),(705,7,631),(706,1,632),(707,1,633),(708,7,634),(709,1,635),(710,7,636),(711,1,637),(712,7,638),(713,7,639),(714,1,640),(715,7,641),(716,7,642),(717,7,643),(718,7,644),(719,1,645),(720,7,646),(721,1,647),(722,7,648),(723,7,649),(724,7,650),(725,1,651),(726,1,652),(727,7,653),(728,7,654),(729,7,655),(730,1,656),(731,1,657),(732,7,507),(733,1,658),(734,1,659),(735,1,660),(736,1,661),(737,1,662),(738,7,663),(739,7,664),(740,7,665),(741,7,666),(742,1,667),(743,1,668),(744,7,669),(745,1,670),(746,1,671),(747,1,672),(748,7,673),(749,1,674),(750,7,675),(751,7,676),(752,7,677),(753,7,678),(754,1,679),(755,1,680),(756,1,681),(757,7,682),(758,7,683),(759,7,684),(760,7,685),(761,1,686),(762,1,687),(763,7,688),(764,1,689),(765,1,690),(766,1,691),(767,7,692),(768,7,693),(769,7,694),(770,7,695),(771,7,696),(772,7,697),(773,1,698),(774,7,699),(775,1,700),(776,1,701),(777,1,702),(778,1,703),(779,1,704),(780,7,705),(781,7,706),(782,7,707),(783,1,708),(784,7,709),(785,7,710),(786,7,711),(787,7,712),(788,7,713),(789,7,714),(790,7,715),(791,7,716),(792,1,717),(793,7,718),(794,7,719),(795,1,720),(796,1,721),(797,1,722),(798,7,723),(799,1,724),(800,7,725),(801,1,726),(802,7,727),(803,1,728),(804,7,729),(805,7,730),(806,1,731),(807,1,732),(808,1,733),(809,7,734),(810,7,735),(811,7,736),(812,7,737),(813,7,738),(814,1,739),(815,1,740),(816,1,741),(817,7,742),(818,7,743),(819,1,744),(820,7,745),(821,7,746),(822,1,747),(823,7,748),(824,1,749),(825,7,750),(826,7,751),(827,1,752),(828,1,753),(829,1,754),(830,1,755),(831,7,756),(832,1,757),(833,1,758),(834,7,759),(835,1,760),(836,1,761),(837,7,762),(838,7,763),(839,1,764),(840,7,765),(841,7,766),(842,1,767),(843,7,768),(844,7,769),(845,1,770),(846,7,771),(847,7,772),(848,1,773),(849,7,774),(850,7,775),(851,7,917),(852,7,776),(853,7,777),(854,7,778),(855,7,779),(856,7,780),(857,7,781),(858,7,782),(859,1,783),(860,1,784),(861,7,785),(862,7,786),(863,1,787),(864,7,788),(865,1,789),(866,7,790),(867,1,791),(868,1,792),(869,1,793),(870,1,794),(871,1,795),(872,7,796),(873,1,797),(874,7,798),(875,1,799),(876,1,800),(877,1,801),(878,1,802),(879,1,803),(880,7,804),(881,1,805),(882,1,806),(883,7,807),(884,7,808),(885,1,809),(886,7,810),(887,1,811),(888,7,812),(889,7,813),(890,7,814),(891,7,815),(892,7,816),(893,7,817),(894,7,818),(895,7,819),(896,1,820),(897,7,821),(898,1,822),(899,7,823),(900,7,824),(901,1,825),(902,7,826),(903,1,827),(904,7,828),(905,7,829),(906,1,830),(907,7,831),(908,7,832),(909,1,833),(910,7,834),(911,7,835),(912,1,836),(913,7,837),(914,1,838),(915,1,839),(916,7,840),(917,7,841),(918,7,842),(919,7,843),(920,1,844),(921,7,845),(922,1,846),(923,7,847),(924,1,848),(925,7,849),(926,1,850),(927,7,851),(928,1,852),(929,1,853),(930,1,854),(931,7,855),(932,7,856),(933,1,857),(934,1,858),(935,7,859),(936,1,860),(937,7,861),(938,7,862),(939,1,863),(940,1,864),(941,7,865),(942,1,866),(943,7,867),(944,1,868),(945,7,869),(946,7,870),(947,1,871),(948,1,872),(949,1,873),(950,7,874),(951,7,875),(952,1,876),(953,1,877),(954,1,878),(955,7,879),(956,7,880),(957,7,881),(958,7,882),(959,1,883),(960,1,884),(961,7,885),(962,1,886),(963,1,887),(964,7,888),(965,7,889),(966,7,890),(967,7,891),(968,7,892),(969,7,893),(970,1,894),(971,7,895),(972,7,896),(973,1,897),(974,7,898),(975,7,899),(976,1,900),(977,1,901),(978,1,902),(979,7,903),(980,1,904),(981,7,905),(982,1,906),(983,7,907),(984,7,908),(985,1,909),(986,7,911),(987,1,910),(988,1,912),(989,1,913),(990,7,914),(991,7,915),(992,1,916),(993,7,923),(994,7,918),(995,1,919),(996,1,920),(997,7,921),(998,1,922),(999,1,1021),(1000,1,1022),(1001,1,1023),(1002,1,924),(1003,7,925),(1004,1,926),(1005,7,927),(1006,7,928),(1007,7,929),(1008,1,930),(1009,7,931),(1010,7,932),(1011,1,933),(1012,1,934),(1013,1,935),(1014,1,936),(1015,1,937),(1016,1,938),(1017,1,939),(1018,1,940),(1019,1,941),(1020,1,942),(1021,7,943),(1022,7,944),(1023,7,945),(1024,7,946),(1025,7,947),(1026,7,948),(1027,7,949),(1028,7,950),(1029,7,951),(1030,7,952),(1031,1,953),(1032,1,954),(1033,1,955),(1034,1,956),(1035,7,957),(1036,1,958),(1037,1,959),(1038,7,960),(1039,7,961),(1040,1,962),(1041,7,963),(1042,1,964),(1043,7,965),(1044,7,966),(1045,7,967),(1046,7,968),(1047,7,969),(1048,7,970),(1049,7,971),(1050,1,972),(1051,7,973),(1052,7,974),(1053,1,975),(1054,1,976),(1055,7,977),(1056,1,978),(1057,7,979),(1058,7,980),(1059,7,1016),(1060,1,981),(1061,7,982),(1062,7,983),(1063,7,1017),(1064,1,1018),(1065,7,1019),(1066,7,984),(1067,1,985),(1068,7,1020),(1069,7,986),(1070,7,987),(1071,7,988),(1072,7,989),(1073,1,990),(1074,1,991),(1075,7,992),(1076,7,993),(1077,7,994),(1078,7,995),(1079,7,996),(1080,7,997),(1081,1,998),(1082,7,999),(1083,7,1000),(1084,7,1001),(1085,7,1002),(1086,1,1003),(1087,1,1004),(1088,7,1005),(1089,7,1006),(1090,1,1007),(1091,1,1008),(1092,7,1009),(1093,1,1010),(1094,1,1011),(1095,7,1012),(1096,1,1013),(1097,1,1014),(1098,7,1015),(1099,1,1024),(1101,2,14),(1103,7,13),(1106,1,1046),(1107,8,1),(1108,1,0),(1109,7,0),(1110,1,0);
/*!40000 ALTER TABLE `inscriptions` ENABLE KEYS */;
UNLOCK TABLES;

--
-- Table structure for table `meetings`
--

DROP TABLE IF EXISTS `meetings`;
/*!40101 SET @saved_cs_client     = @@character_set_client */;
/*!40101 SET character_set_client = utf8 */;
CREATE TABLE `meetings` (
  `xMeeting` int(10) unsigned NOT NULL AUTO_INCREMENT,
  `meetingName` varchar(100) NOT NULL DEFAULT '',
  `location` varchar(100) NOT NULL DEFAULT '',
  `dateFrom` date NOT NULL,
  `dateTo` date NOT NULL,
  `meetingOnlineId` int(10) unsigned DEFAULT NULL,
  `isOnline` bit(1) NOT NULL DEFAULT b'0',
  `organizor` varchar(100) NOT NULL DEFAULT '',
  `entryFee` float NOT NULL DEFAULT 0,
  `entryFeeReduction` float NOT NULL DEFAULT 0,
  `bailFee` float NOT NULL DEFAULT 0,
  `meetingIsIndoor` bit(1) NOT NULL DEFAULT b'0',
  PRIMARY KEY (`xMeeting`),
  KEY `Name` (`meetingName`)
) ENGINE=InnoDB AUTO_INCREMENT=14 DEFAULT CHARSET=utf8mb3 COMMENT='probably to be transferred to Mongo only.\n\nnot implemented:\nzeitmessung, password, AutoRangieren, statusChanged';
/*!40101 SET character_set_client = @saved_cs_client */;

--
-- Dumping data for table `meetings`
--

LOCK TABLES `meetings` WRITE;
/*!40000 ALTER TABLE `meetings` DISABLE KEYS */;
/*!40000 ALTER TABLE `meetings` ENABLE KEYS */;
UNLOCK TABLES;

--
-- Table structure for table `modules`
--

DROP TABLE IF EXISTS `modules`;
/*!40101 SET @saved_cs_client     = @@character_set_client */;
/*!40101 SET character_set_client = utf8 */;
CREATE TABLE `modules` (
  `xModule` int(10) unsigned NOT NULL AUTO_INCREMENT,
  `moduleName` varchar(100) NOT NULL,
  `moduleActivated` bit(1) NOT NULL DEFAULT b'1',
  `moduleType` smallint(6) NOT NULL,
  PRIMARY KEY (`xModule`),
  UNIQUE KEY `moduleName_UNIQUE` (`moduleName`)
) ENGINE=InnoDB DEFAULT CHARSET=utf8mb3;
/*!40101 SET character_set_client = @saved_cs_client */;

--
-- Dumping data for table `modules`
--

LOCK TABLES `modules` WRITE;
/*!40000 ALTER TABLE `modules` DISABLE KEYS */;
/*!40000 ALTER TABLE `modules` ENABLE KEYS */;
UNLOCK TABLES;

--
-- Table structure for table `regions`
--

DROP TABLE IF EXISTS `regions`;
/*!40101 SET @saved_cs_client     = @@character_set_client */;
/*!40101 SET character_set_client = utf8 */;
CREATE TABLE `regions` (
  `xRegion` int(10) unsigned NOT NULL AUTO_INCREMENT,
  `country` char(3) NOT NULL,
  `countryName` varchar(100) NOT NULL DEFAULT '',
  `countrySortvalue` int(11) NOT NULL DEFAULT 0,
  `regionName` varchar(100) NOT NULL DEFAULT '',
  `regionShortname` varchar(6) NOT NULL DEFAULT '',
  `regionSortvalue` int(11) NOT NULL DEFAULT 0,
  PRIMARY KEY (`xRegion`)
) ENGINE=InnoDB AUTO_INCREMENT=211 DEFAULT CHARSET=utf8mb3 COMMENT='country is also in regions. Have an entry with regionName etc ='''' for every country and where available also have additional entries where the regions are set.';
/*!40101 SET character_set_client = @saved_cs_client */;

--
-- Dumping data for table `regions`
--

LOCK TABLES `regions` WRITE;
/*!40000 ALTER TABLE `regions` DISABLE KEYS */;
INSERT INTO `regions` VALUES (1,'SUI','Switzerland',1,'','',0),(2,'AFG','Afghanistan',2,'','',0),(3,'ALB','Albania',3,'','',0),(4,'ALG','Algeria',4,'','',0),(5,'ASA','American Samoa',5,'','',0),(6,'AND','Andorra',6,'','',0),(7,'ANG','Angola',7,'','',0),(8,'AIA','Anguilla',8,'','',0),(9,'ANT','Antigua & Barbuda',9,'','',0),(10,'ARG','Argentina',10,'','',0),(11,'ARM','Armenia',11,'','',0),(12,'ARU','Aruba',12,'','',0),(13,'AUS','Australia',13,'','',0),(14,'AUT','Austria',14,'','',0),(15,'AZE','Azerbaijan',15,'','',0),(16,'BAH','Bahamas',16,'','',0),(17,'BRN','Bahrain',17,'','',0),(18,'BAN','Bangladesh',18,'','',0),(19,'BAR','Barbados',19,'','',0),(20,'BLR','Belarus',20,'','',0),(21,'BEL','Belgium',21,'','',0),(22,'BIZ','Belize',22,'','',0),(23,'BEN','Benin',23,'','',0),(24,'BER','Bermuda',24,'','',0),(25,'BHU','Bhutan',25,'','',0),(26,'BOL','Bolivia',26,'','',0),(27,'BIH','Bosnia Herzegovina',27,'','',0),(28,'BOT','Botswana',28,'','',0),(29,'BRA','Brazil',29,'','',0),(30,'BRU','Brunei',30,'','',0),(31,'BUL','Bulgaria',31,'','',0),(32,'BRK','Burkina Faso',32,'','',0),(33,'BDI','Burundi',33,'','',0),(34,'CAM','Cambodia',34,'','',0),(35,'CMR','Cameroon',35,'','',0),(36,'CAN','Canada',36,'','',0),(37,'CPV','Cape Verde Islands',37,'','',0),(38,'CAY','Cayman Islands',38,'','',0),(39,'CAF','Central African Republic',39,'','',0),(40,'CHA','Chad',40,'','',0),(41,'CHI','Chile',41,'','',0),(42,'CHN','China',42,'','',0),(43,'COL','Colombia',43,'','',0),(44,'COM','Comoros',44,'','',0),(45,'CGO','Congo',45,'','',0),(46,'COD','Congo [Zaire]',46,'','',0),(47,'COK','Cook Islands',47,'','',0),(48,'CRC','Costa Rica',48,'','',0),(49,'CIV','Ivory Coast',49,'','',0),(50,'CRO','Croatia',50,'','',0),(51,'CUB','Cuba',51,'','',0),(52,'CYP','Cyprus',52,'','',0),(53,'CZE','Czech Republic',53,'','',0),(54,'DEN','Denmark',54,'','',0),(55,'DJI','Djibouti',55,'','',0),(56,'DMA','Dominica',56,'','',0),(57,'DOM','Dominican Republic',57,'','',0),(58,'TLS','East Timor',58,'','',0),(59,'ECU','Ecuador',59,'','',0),(60,'EGY','Egypt',60,'','',0),(61,'ESA','El Salvador',61,'','',0),(62,'GEQ','Equatorial Guinea',62,'','',0),(63,'ERI','Eritrea',63,'','',0),(64,'EST','Estonia',64,'','',0),(65,'ETH','Ethiopia',65,'','',0),(66,'FIJ','Fiji',66,'','',0),(67,'FIN','Finland',67,'','',0),(68,'FRA','France',68,'','',0),(69,'GAB','Gabon',69,'','',0),(70,'GAM','Gambia',70,'','',0),(71,'GEO','Georgia',71,'','',0),(72,'GER','Germany',72,'','',0),(73,'GHA','Ghana',73,'','',0),(74,'GIB','Gibraltar',74,'','',0),(75,'GBR','Great Britain & NI',75,'','',0),(76,'GRE','Greece',76,'','',0),(77,'GRN','Grenada',77,'','',0),(78,'GUM','Guam',78,'','',0),(79,'GUA','Guatemala',79,'','',0),(80,'GUI','Guinea',80,'','',0),(81,'GBS','Guinea-Bissau',81,'','',0),(82,'GUY','Guyana',82,'','',0),(83,'HAI','Haiti',83,'','',0),(84,'HON','Honduras',84,'','',0),(85,'HKG','Hong Kong',85,'','',0),(86,'HUN','Hungary',86,'','',0),(87,'ISL','Iceland',87,'','',0),(88,'IND','India',88,'','',0),(89,'INA','Indonesia',89,'','',0),(90,'IRI','Iran',90,'','',0),(91,'IRQ','Iraq',91,'','',0),(92,'IRL','Ireland',92,'','',0),(93,'ISR','Israel',93,'','',0),(94,'ITA','Italy',94,'','',0),(95,'JAM','Jamaica',95,'','',0),(96,'JPN','Japan',96,'','',0),(97,'JOR','Jordan',97,'','',0),(98,'KAZ','Kazakhstan',98,'','',0),(99,'KEN','Kenya',99,'','',0),(100,'KIR','Kiribati',100,'','',0),(101,'KOR','Korea',101,'','',0),(102,'KUW','Kuwait',102,'','',0),(103,'KGZ','Kirgizstan',103,'','',0),(104,'LAO','Laos',104,'','',0),(105,'LAT','Latvia',105,'','',0),(106,'LIB','Lebanon',106,'','',0),(107,'LES','Lesotho',107,'','',0),(108,'LBR','Liberia',108,'','',0),(109,'LIE','Liechtenstein',109,'','',0),(110,'LTU','Lithuania',110,'','',0),(111,'LUX','Luxembourg',111,'','',0),(112,'LBA','Libya',112,'','',0),(113,'MAC','Macao',113,'','',0),(114,'MKD','Macedonia',114,'','',0),(115,'MAD','Madagascar',115,'','',0),(116,'MAW','Malawi',116,'','',0),(117,'MAS','Malaysia',117,'','',0),(118,'MDV','Maldives',118,'','',0),(119,'MLI','Mali',119,'','',0),(120,'MLT','Malta',120,'','',0),(121,'MSH','Marshall Islands',121,'','',0),(122,'MTN','Mauritania',122,'','',0),(123,'MRI','Mauritius',123,'','',0),(124,'MEX','Mexico',124,'','',0),(125,'FSM','Micronesia',125,'','',0),(126,'MDA','Moldova',126,'','',0),(127,'MON','Monaco',127,'','',0),(128,'MGL','Mongolia',128,'','',0),(129,'MNE','Montenegro',129,'','',0),(130,'MNT','Montserrat',130,'','',0),(131,'MAR','Morocco',131,'','',0),(132,'MOZ','Mozambique',132,'','',0),(133,'MYA','Myanmar [Burma]',133,'','',0),(134,'NAM','Namibia',134,'','',0),(135,'NRU','Nauru',135,'','',0),(136,'NEP','Nepal',136,'','',0),(137,'NED','Netherlands',137,'','',0),(138,'AHO','Netherlands Antilles',138,'','',0),(139,'NZL','New Zealand',139,'','',0),(140,'NCA','Nicaragua',140,'','',0),(141,'NIG','Niger',141,'','',0),(142,'NGR','Nigeria',142,'','',0),(143,'NFI','Norfolk Islands',143,'','',0),(144,'PRK','North Korea',144,'','',0),(145,'NOR','Norway',145,'','',0),(146,'OMN','Oman',146,'','',0),(147,'PAK','Pakistan',147,'','',0),(148,'PLW','Palau',148,'','',0),(149,'PLE','Palestine',149,'','',0),(150,'PAN','Panama',150,'','',0),(151,'NGU','Papua New Guinea',151,'','',0),(152,'PAR','Paraguay',152,'','',0),(153,'PER','Peru',153,'','',0),(154,'PHI','Philippines',154,'','',0),(155,'POL','Poland',155,'','',0),(156,'POR','Portugal',156,'','',0),(157,'PUR','Puerto Rico',157,'','',0),(158,'QAT','Qatar',158,'','',0),(159,'ROM','Romania',159,'','',0),(160,'RUS','Russia',160,'','',0),(161,'RWA','Rwanda',161,'','',0),(162,'SMR','San Marino',162,'','',0),(163,'STP','São Tome & Principé',163,'','',0),(164,'KSA','Saudi Arabia',164,'','',0),(165,'SEN','Senegal',165,'','',0),(166,'SRB','Serbia',166,'','',0),(167,'SEY','Seychelles',167,'','',0),(168,'SLE','Sierra Leone',168,'','',0),(169,'SIN','Singapore',169,'','',0),(170,'SVK','Slovakia',170,'','',0),(171,'SLO','Slovenia',171,'','',0),(172,'SOL','Solomon Islands',172,'','',0),(173,'SOM','Somalia',173,'','',0),(174,'RSA','South Africa',174,'','',0),(175,'ESP','Spain',175,'','',0),(176,'SKN','St. Kitts & Nevis',176,'','',0),(177,'SRI','Sri Lanka',177,'','',0),(178,'LCA','St. Lucia',178,'','',0),(179,'VIN','St. Vincent & the Grenadines',179,'','',0),(180,'SUD','Sudan',180,'','',0),(181,'SUR','Surinam',181,'','',0),(182,'SWZ','Swaziland',182,'','',0),(183,'SWE','Sweden',183,'','',0),(184,'SYR','Syria',185,'','',0),(185,'TAH','Tahiti',186,'','',0),(186,'TPE','Taiwan',187,'','',0),(187,'TAD','Tadjikistan',188,'','',0),(188,'TAN','Tanzania',189,'','',0),(189,'THA','Thailand',190,'','',0),(190,'TOG','Togo',191,'','',0),(191,'TGA','Tonga',192,'','',0),(192,'TRI','Trinidad & Tobago',193,'','',0),(193,'TUN','Tunisia',194,'','',0),(194,'TUR','Turkey',195,'','',0),(195,'TKM','Turkmenistan',196,'','',0),(196,'TKS','Turks & Caicos Islands',197,'','',0),(197,'UGA','Uganda',198,'','',0),(198,'UKR','Ukraine',199,'','',0),(199,'UAE','United Arab Emirates',200,'','',0),(200,'USA','United States',201,'','',0),(201,'URU','Uruguay',202,'','',0),(202,'UZB','Uzbekistan',203,'','',0),(203,'VAN','Vanuatu',204,'','',0),(204,'VEN','Venezuela',205,'','',0),(205,'VIE','Vietnam',206,'','',0),(206,'ISV','Virgin Islands',207,'','',0),(207,'SAM','Western Samoa',208,'','',0),(208,'YEM','Yemen',209,'','',0),(209,'ZAM','Zambia',210,'','',0),(210,'ZIM','Zimbabwe',211,'','',0);
/*!40000 ALTER TABLE `regions` ENABLE KEYS */;
UNLOCK TABLES;

--
-- Table structure for table `relayathletepositions`
--

DROP TABLE IF EXISTS `relayathletepositions`;
/*!40101 SET @saved_cs_client     = @@character_set_client */;
/*!40101 SET character_set_client = utf8 */;
CREATE TABLE `relayathletepositions` (
  `xRelayAthlete` int(10) unsigned NOT NULL,
  `xStartgroup` int(10) unsigned NOT NULL,
  `position` smallint(5) unsigned NOT NULL,
  PRIMARY KEY (`xRelayAthlete`,`xStartgroup`),
  KEY `fk_relayAthletePositions_relaysAthletes1_idx` (`xRelayAthlete`),
  KEY `fk_relayAthletePositions_startGroup1_idx` (`xStartgroup`),
  CONSTRAINT `fk_relayAthletePositions_relaysAthletes1` FOREIGN KEY (`xRelayAthlete`) REFERENCES `relayathletes` (`xRelayAthlete`) ON DELETE NO ACTION ON UPDATE NO ACTION,
  CONSTRAINT `fk_relayAthletePositions_startGroup1` FOREIGN KEY (`xStartgroup`) REFERENCES `startsingroup` (`xStartgroup`) ON DELETE NO ACTION ON UPDATE NO ACTION
) ENGINE=InnoDB DEFAULT CHARSET=utf8mb3 COMMENT='the order of the atheltes in a relay; can be differnt in each round;\nTODO: it probably makes more sense not to Link to round, but instead store the integer value of the roundOrder; pro: athletes order can ba defined even before the relay has an entry in start and before the discipline has rounds and also a change in the link between the event and the contest would not result to problems; con: the order is just an integer --> the user can not easily see that it is related to quali/final/etc but must know this link by hard (except one programmatically tries to ad dthis information to the GUI)';
/*!40101 SET character_set_client = @saved_cs_client */;

--
-- Dumping data for table `relayathletepositions`
--

LOCK TABLES `relayathletepositions` WRITE;
/*!40000 ALTER TABLE `relayathletepositions` DISABLE KEYS */;
/*!40000 ALTER TABLE `relayathletepositions` ENABLE KEYS */;
UNLOCK TABLES;

--
-- Table structure for table `relayathletes`
--

DROP TABLE IF EXISTS `relayathletes`;
/*!40101 SET @saved_cs_client     = @@character_set_client */;
/*!40101 SET character_set_client = utf8 */;
CREATE TABLE `relayathletes` (
  `xRelayAthlete` int(10) unsigned NOT NULL AUTO_INCREMENT,
  `xAthlete` int(10) unsigned NOT NULL,
  `xRelay` int(10) unsigned NOT NULL,
  PRIMARY KEY (`xRelayAthlete`),
  UNIQUE KEY `Secondary` (`xAthlete`,`xRelay`),
  KEY `fk_relaysAthletes_relays1_idx` (`xRelay`),
  CONSTRAINT `fk_relaysAthletes_athletes1` FOREIGN KEY (`xAthlete`) REFERENCES `athletes` (`xAthlete`) ON DELETE NO ACTION ON UPDATE NO ACTION,
  CONSTRAINT `fk_relaysAthletes_relays1` FOREIGN KEY (`xRelay`) REFERENCES `relays` (`xRelay`) ON DELETE CASCADE ON UPDATE NO ACTION
) ENGINE=InnoDB DEFAULT CHARSET=utf8mb3;
/*!40101 SET character_set_client = @saved_cs_client */;

--
-- Dumping data for table `relayathletes`
--

LOCK TABLES `relayathletes` WRITE;
/*!40000 ALTER TABLE `relayathletes` DISABLE KEYS */;
/*!40000 ALTER TABLE `relayathletes` ENABLE KEYS */;
UNLOCK TABLES;

--
-- Table structure for table `relays`
--

DROP TABLE IF EXISTS `relays`;
/*!40101 SET @saved_cs_client     = @@character_set_client */;
/*!40101 SET character_set_client = utf8 */;
CREATE TABLE `relays` (
  `xRelay` int(10) unsigned NOT NULL AUTO_INCREMENT,
  `name` varchar(100) NOT NULL,
  `xClub` int(10) unsigned NOT NULL,
  `xRegion` int(10) unsigned NOT NULL,
  `xCategory` int(10) unsigned NOT NULL COMMENT 'while an athlet has an birthdate, a relay simply has a category --> must be proven, that the athetes have the correct age at the date of the competition',
  `xBase` int(10) unsigned NOT NULL COMMENT 'the ID of the relay in the base data, analog to the license of an athlete',
  `xInscription` int(10) unsigned NOT NULL,
  PRIMARY KEY (`xRelay`,`xClub`,`xCategory`),
  KEY `fk_relay_club1_idx` (`xClub`),
  KEY `fk_relay_category1_idx` (`xCategory`),
  KEY `fk_relays_inscriptions1_idx` (`xInscription`),
  KEY `fk_relays_regions1_idx` (`xRegion`),
  CONSTRAINT `fk_relay_category1` FOREIGN KEY (`xCategory`) REFERENCES `categories` (`xCategory`) ON DELETE NO ACTION ON UPDATE NO ACTION,
  CONSTRAINT `fk_relay_club1` FOREIGN KEY (`xClub`) REFERENCES `clubs` (`xClub`) ON DELETE NO ACTION ON UPDATE NO ACTION,
  CONSTRAINT `fk_relays_inscriptions1` FOREIGN KEY (`xInscription`) REFERENCES `inscriptions` (`xInscription`) ON DELETE CASCADE ON UPDATE NO ACTION,
  CONSTRAINT `fk_relays_regions1` FOREIGN KEY (`xRegion`) REFERENCES `regions` (`xRegion`) ON DELETE NO ACTION ON UPDATE NO ACTION
) ENGINE=InnoDB DEFAULT CHARSET=utf8mb3 COMMENT='if relay are always only created per meeting then it is not necessary to have this table. Instead, all this fileds can be implemented in inscription_relay';
/*!40101 SET character_set_client = @saved_cs_client */;

--
-- Dumping data for table `relays`
--

LOCK TABLES `relays` WRITE;
/*!40000 ALTER TABLE `relays` DISABLE KEYS */;
/*!40000 ALTER TABLE `relays` ENABLE KEYS */;
UNLOCK TABLES;

--
-- Table structure for table `resultshigh`
--

DROP TABLE IF EXISTS `resultshigh`;
/*!40101 SET @saved_cs_client     = @@character_set_client */;
/*!40101 SET character_set_client = utf8 */;
CREATE TABLE `resultshigh` (
  `xResult` int(10) unsigned NOT NULL,
  `xHeight` int(10) unsigned NOT NULL DEFAULT 0,
  `resultsHighFailedAtempts` tinyint(3) unsigned NOT NULL DEFAULT 0 COMMENT '- how many failed attempts on this height\n- this number also helps to count the total not passed attempts for the ordering',
  `resultsHighValid` tinyint(1) NOT NULL DEFAULT 0 COMMENT 'passed this height already yes/no',
  `resultsHighPassed` tinyint(1) NOT NULL DEFAULT 0 COMMENT 'verzichtet (-)',
  PRIMARY KEY (`xHeight`,`xResult`),
  KEY `fk_result_high_height1_idx` (`xHeight`),
  KEY `fk_resultsHigh_seriesStartsResults1_idx` (`xResult`),
  CONSTRAINT `fk_result_high_height1` FOREIGN KEY (`xHeight`) REFERENCES `heights` (`xHeight`) ON DELETE NO ACTION ON UPDATE NO ACTION,
  CONSTRAINT `fk_resultsHigh_seriesStartsResults1` FOREIGN KEY (`xResult`) REFERENCES `seriesstartsresults` (`xSeriesStart`) ON DELETE NO ACTION ON UPDATE NO ACTION
) ENGINE=InnoDB DEFAULT CHARSET=utf8mb3 COMMENT='maybe make a separate column for passed (verzichtet) trial, as it is not directly related to the sortOrder (taking an athlet to the beginning/end of a trial), but as only one on or the other (sortOrder or passing) is possible at the same height, this still works';
/*!40101 SET character_set_client = @saved_cs_client */;

--
-- Dumping data for table `resultshigh`
--

LOCK TABLES `resultshigh` WRITE;
/*!40000 ALTER TABLE `resultshigh` DISABLE KEYS */;
/*!40000 ALTER TABLE `resultshigh` ENABLE KEYS */;
UNLOCK TABLES;

--
-- Table structure for table `resultstech`
--

DROP TABLE IF EXISTS `resultstech`;
/*!40101 SET @saved_cs_client     = @@character_set_client */;
/*!40101 SET character_set_client = utf8 */;
CREATE TABLE `resultstech` (
  `xResultTech` int(10) unsigned NOT NULL AUTO_INCREMENT,
  `xResult` int(10) unsigned NOT NULL,
  `result` smallint(6) NOT NULL DEFAULT 0 COMMENT 'in cm\n-1 for failed trial',
  `attempt` tinyint(3) unsigned NOT NULL COMMENT 'which attempt (start from 1)',
  PRIMARY KEY (`xResultTech`,`xResult`),
  KEY `fk_resultsTech_seriesStartsResults1_idx` (`xResult`),
  CONSTRAINT `fk_resultsTech_seriesStartsResults1` FOREIGN KEY (`xResult`) REFERENCES `seriesstartsresults` (`xSeriesStart`) ON DELETE NO ACTION ON UPDATE NO ACTION
) ENGINE=InnoDB DEFAULT CHARSET=utf8mb3 COMMENT='for horizontal jumps indoor and throwing';
/*!40101 SET character_set_client = @saved_cs_client */;

--
-- Dumping data for table `resultstech`
--

LOCK TABLES `resultstech` WRITE;
/*!40000 ALTER TABLE `resultstech` DISABLE KEYS */;
/*!40000 ALTER TABLE `resultstech` ENABLE KEYS */;
UNLOCK TABLES;

--
-- Table structure for table `resultstechwind`
--

DROP TABLE IF EXISTS `resultstechwind`;
/*!40101 SET @saved_cs_client     = @@character_set_client */;
/*!40101 SET character_set_client = utf8 */;
CREATE TABLE `resultstechwind` (
  `xResultTechWind` int(10) unsigned NOT NULL AUTO_INCREMENT,
  `xResult` int(10) unsigned NOT NULL,
  `result` smallint(6) NOT NULL DEFAULT 0 COMMENT 'in cm',
  `attempt` tinyint(3) unsigned NOT NULL COMMENT 'which attempt (start from 1)',
  `wind` smallint(6) NOT NULL DEFAULT 0 COMMENT 'unfortunately Wind must appear twice in the column-name\n\nmust be signed (+-)!\nin m/s\n',
  PRIMARY KEY (`xResultTechWind`,`xResult`),
  KEY `fk_resultsTechWind_seriesStartsResults1_idx` (`xResult`),
  CONSTRAINT `fk_resultsTechWind_seriesStartsResults1` FOREIGN KEY (`xResult`) REFERENCES `seriesstartsresults` (`xSeriesStart`) ON DELETE NO ACTION ON UPDATE NO ACTION
) ENGINE=InnoDB DEFAULT CHARSET=utf8mb3 COMMENT='compared to tech: has wind\nfor horizontal jumps outdoor';
/*!40101 SET character_set_client = @saved_cs_client */;

--
-- Dumping data for table `resultstechwind`
--

LOCK TABLES `resultstechwind` WRITE;
/*!40000 ALTER TABLE `resultstechwind` DISABLE KEYS */;
/*!40000 ALTER TABLE `resultstechwind` ENABLE KEYS */;
UNLOCK TABLES;

--
-- Table structure for table `resultstrack`
--

DROP TABLE IF EXISTS `resultstrack`;
/*!40101 SET @saved_cs_client     = @@character_set_client */;
/*!40101 SET character_set_client = utf8 */;
CREATE TABLE `resultstrack` (
  `xResultTrack` int(10) unsigned NOT NULL,
  `time` int(10) unsigned NOT NULL COMMENT 'in 1/100''000s (hopefully futureproof)\nsufficient for all runs; takes up to 11.9h\n',
  `timeRounded` smallint(5) unsigned NOT NULL COMMENT 'rounded time, digits and rounding defined by the discipline',
  `rank` tinyint(3) unsigned NOT NULL COMMENT 'the ranking made by the finish-judge must be used and not the ranking given by the time!',
  PRIMARY KEY (`xResultTrack`),
  CONSTRAINT `fk_resultsTrack_seriesStartsResults1` FOREIGN KEY (`xResultTrack`) REFERENCES `seriesstartsresults` (`xSeriesStart`) ON DELETE NO ACTION ON UPDATE NO ACTION
) ENGINE=InnoDB DEFAULT CHARSET=utf8mb3;
/*!40101 SET character_set_client = @saved_cs_client */;

--
-- Dumping data for table `resultstrack`
--

LOCK TABLES `resultstrack` WRITE;
/*!40000 ALTER TABLE `resultstrack` DISABLE KEYS */;
/*!40000 ALTER TABLE `resultstrack` ENABLE KEYS */;
UNLOCK TABLES;

--
-- Table structure for table `rounds`
--

DROP TABLE IF EXISTS `rounds`;
/*!40101 SET @saved_cs_client     = @@character_set_client */;
/*!40101 SET character_set_client = utf8 */;
CREATE TABLE `rounds` (
  `xRound` int(10) unsigned NOT NULL AUTO_INCREMENT,
  `xEventGroup` int(10) unsigned NOT NULL,
  `name` varchar(50) NOT NULL DEFAULT '',
  `order` tinyint(3) unsigned NOT NULL,
  `numGroups` tinyint(3) unsigned NOT NULL DEFAULT 1,
  `qualiModule` varchar(45) NOT NULL DEFAULT '' COMMENT 'the name of the qualiModule; must be unique among all modules (or only qualiModules) on the same server',
  `qualiConf` text DEFAULT NULL COMMENT 'could also be BLOB; allows 65536=2^16 bytes to be stored; attention: with charsets where one character can take more than one bytes,  numBytes < numChars!',
  PRIMARY KEY (`xRound`),
  UNIQUE KEY `uniqueRound` (`order`,`xEventGroup`),
  KEY `fk_round_contest1_idx` (`xEventGroup`),
  CONSTRAINT `fk_round_contest1` FOREIGN KEY (`xEventGroup`) REFERENCES `eventgroups` (`xEventGroup`) ON DELETE NO ACTION ON UPDATE NO ACTION
) ENGINE=InnoDB AUTO_INCREMENT=309 DEFAULT CHARSET=utf8mb3 COMMENT='defines each round of a eventGroup\n\nqualification stuff is always related to "qualification from this round to the next round"\nqualif_type defines which class is used for the qualification stuff and interpretes the qualif_type-string, which shall contain the whole setup fir this qualification (number of seriesWinner, timeBest, ...), stored \nNOTE: in Athletica2 it was planned to have an extra table for the qualification linking both rounds; this however is unnecessary complicated and thus teh quali-configuration is now stored in the round qualified from.\nnot implemented:\nSpeakerstatus, StatusUpload, StatusUploadUKC';
/*!40101 SET character_set_client = @saved_cs_client */;

--
-- Dumping data for table `rounds`
--

LOCK TABLES `rounds` WRITE;
/*!40000 ALTER TABLE `rounds` DISABLE KEYS */;
INSERT INTO `rounds` VALUES (277,1,'Vorrunde',1,2,'',''),(278,1,'Final',2,1,'',''),(308,3,'lll',1,1,'','');
/*!40000 ALTER TABLE `rounds` ENABLE KEYS */;
UNLOCK TABLES;

--
-- Table structure for table `series`
--

DROP TABLE IF EXISTS `series`;
/*!40101 SET @saved_cs_client     = @@character_set_client */;
/*!40101 SET character_set_client = utf8 */;
CREATE TABLE `series` (
  `xSeries` int(10) unsigned NOT NULL AUTO_INCREMENT,
  `xContest` int(10) unsigned NOT NULL,
  `xSite` int(10) unsigned DEFAULT NULL COMMENT 'philosophy question about the differentiation between series and groups: \n- if series should be a sequence on the same site, then the site should be defiend for the contest\n- if differen series should really have the chance to be on different sites, then keep it as it is\n\nimportant difference not to forget: groups can (not must) be defined before the role call, while series are defined after!\nadvantage when site is set for the contest and is a sequence on the same site: it is no problem to have a room for the contest, but at the same time it is then impossible to have two parallel series with a common final (as typical for long jump). However this is important, thus the site should be defined on series level. However, it is anyway just one room with multiple series and an advanced conflict management. ',
  `status` tinyint(3) unsigned NOT NULL,
  `number` smallint(5) unsigned NOT NULL COMMENT 'the number of the series; this was not implemented so far, the order of serie was given propably through xSeries; however, this is not very sexy.',
  `name` varchar(50) NOT NULL DEFAULT '' COMMENT 'the name of the series: can be empty, but also e.g. "A" (for Final A; Final should be written in the round)',
  PRIMARY KEY (`xSeries`),
  KEY `fk_series_contest1_idx` (`xContest`),
  KEY `fk_series_sites1_idx` (`xSite`),
  CONSTRAINT `fk_series_contest1` FOREIGN KEY (`xContest`) REFERENCES `contests` (`xContest`) ON DELETE NO ACTION ON UPDATE NO ACTION,
  CONSTRAINT `fk_series_sites1` FOREIGN KEY (`xSite`) REFERENCES `sites` (`xSite`) ON DELETE NO ACTION ON UPDATE NO ACTION
) ENGINE=InnoDB AUTO_INCREMENT=100 DEFAULT CHARSET=utf8mb3 COMMENT='so far no seriesNumber column was available and the order of series probably relied on xSeries. This was not very sexy and is more clear now.\n\nnot implemented: \nTVname, MaxAthlet';
/*!40101 SET character_set_client = @saved_cs_client */;

--
-- Dumping data for table `series`
--

LOCK TABLES `series` WRITE;
/*!40000 ALTER TABLE `series` DISABLE KEYS */;
INSERT INTO `series` VALUES (99,3,NULL,0,1,'');
/*!40000 ALTER TABLE `series` ENABLE KEYS */;
UNLOCK TABLES;

--
-- Table structure for table `series_track`
--

DROP TABLE IF EXISTS `series_track`;
/*!40101 SET @saved_cs_client     = @@character_set_client */;
/*!40101 SET character_set_client = utf8 */;
CREATE TABLE `series_track` (
  `xSeries` int(10) unsigned NOT NULL,
  `wind` smallint(6) NOT NULL DEFAULT 0 COMMENT 'this one must be signed!',
  `film` smallint(5) unsigned NOT NULL DEFAULT 0,
  `manual` bit(1) NOT NULL DEFAULT b'0' COMMENT 'manual timing?',
  PRIMARY KEY (`xSeries`),
  CONSTRAINT `fk_series_track_series1` FOREIGN KEY (`xSeries`) REFERENCES `series` (`xSeries`) ON DELETE NO ACTION ON UPDATE NO ACTION
) ENGINE=InnoDB DEFAULT CHARSET=utf8mb3;
/*!40101 SET character_set_client = @saved_cs_client */;

--
-- Dumping data for table `series_track`
--

LOCK TABLES `series_track` WRITE;
/*!40000 ALTER TABLE `series_track` DISABLE KEYS */;
/*!40000 ALTER TABLE `series_track` ENABLE KEYS */;
UNLOCK TABLES;

--
-- Table structure for table `seriesstarts_high`
--

DROP TABLE IF EXISTS `seriesstarts_high`;
/*!40101 SET @saved_cs_client     = @@character_set_client */;
/*!40101 SET character_set_client = utf8 */;
CREATE TABLE `seriesstarts_high` (
  `xSeriesStart_high` int(10) unsigned NOT NULL,
  `startHeight` smallint(5) unsigned NOT NULL DEFAULT 0 COMMENT 'hier bewusst keine Referenz auf height, da dort der Eintrag erst später erstellt werden können soll, wenn die Höhe dran kommt (oder wenn jemand darauf verzeichtet)\n--> so programmieren, dass eine ungültige Starthöhe egal ist und dass programmseitig geprüft wird dass dies nicht passiert',
  PRIMARY KEY (`xSeriesStart_high`),
  CONSTRAINT `fk_seriesStart_high_seriesStart1` FOREIGN KEY (`xSeriesStart_high`) REFERENCES `seriesstartsresults` (`xSeriesStart`) ON DELETE NO ACTION ON UPDATE NO ACTION
) ENGINE=InnoDB DEFAULT CHARSET=utf8mb3;
/*!40101 SET character_set_client = @saved_cs_client */;

--
-- Dumping data for table `seriesstarts_high`
--

LOCK TABLES `seriesstarts_high` WRITE;
/*!40000 ALTER TABLE `seriesstarts_high` DISABLE KEYS */;
/*!40000 ALTER TABLE `seriesstarts_high` ENABLE KEYS */;
UNLOCK TABLES;

--
-- Table structure for table `seriesstarts_track`
--

DROP TABLE IF EXISTS `seriesstarts_track`;
/*!40101 SET @saved_cs_client     = @@character_set_client */;
/*!40101 SET character_set_client = utf8 */;
CREATE TABLE `seriesstarts_track` (
  `xSeriesStart_track` int(10) unsigned NOT NULL,
  `lane` tinyint(3) unsigned NOT NULL,
  PRIMARY KEY (`xSeriesStart_track`),
  CONSTRAINT `fk_seriesStart_track_seriesStart1` FOREIGN KEY (`xSeriesStart_track`) REFERENCES `seriesstartsresults` (`xSeriesStart`) ON DELETE NO ACTION ON UPDATE NO ACTION
) ENGINE=InnoDB DEFAULT CHARSET=utf8mb3 COMMENT='position (in seriesStartResult) is not necessary the same as lane (e.g. in every run >= 800m';
/*!40101 SET character_set_client = @saved_cs_client */;

--
-- Dumping data for table `seriesstarts_track`
--

LOCK TABLES `seriesstarts_track` WRITE;
/*!40000 ALTER TABLE `seriesstarts_track` DISABLE KEYS */;
/*!40000 ALTER TABLE `seriesstarts_track` ENABLE KEYS */;
UNLOCK TABLES;

--
-- Table structure for table `seriesstartsresults`
--

DROP TABLE IF EXISTS `seriesstartsresults`;
/*!40101 SET @saved_cs_client     = @@character_set_client */;
/*!40101 SET character_set_client = utf8 */;
CREATE TABLE `seriesstartsresults` (
  `xSeriesStart` int(10) unsigned NOT NULL AUTO_INCREMENT,
  `xStartgroup` int(10) unsigned NOT NULL,
  `xSeries` int(10) unsigned NOT NULL,
  `position` smallint(5) unsigned NOT NULL DEFAULT 0 COMMENT 'position:\nfor tech: the order of athletes\nfor track: side number; IMORTANT: for sprint this is the same as the lane defined in seriesStarts_track, but for middle/long distance it is not!',
  `resultOverrule` tinyint(3) unsigned NOT NULL DEFAULT 0 COMMENT 'DNS, DQ, DNF, NM, r (retired), withdrawal (combined only)\n(--> maybe NM and DNF not here)\n\n0=normal\n1=r (retired)=hört mitten im Wettkampf auf\n2=NM=o.g.V. (needed?)\n3=DNF=aufg.\n4=withdrawal=abgemeldet \n5=DNS=n.a.\n6=DQ=disq. --> nur diziplinarisch (kein Fehlstart --> ist im Resultat drin), damit man hiermit bestimmen kann, ob jemamnd nicht mehr starten darf',
  `resultRemark` varchar(100) NOT NULL DEFAULT '',
  `qualification` tinyint(4) NOT NULL DEFAULT 0 COMMENT 'stores how somebody was qualified AND also if somebody retired from the competition; the qualification-module must define whcih number belongs to what and must also provide what is needed for translation of that status into different languages!\nall modules MUST use 0 as default= not qualified for next round!',
  `startConf` text NOT NULL DEFAULT '' COMMENT 'the lane in track races and the startHeight for techHigh; replaces the separate tables',
  PRIMARY KEY (`xSeriesStart`),
  UNIQUE KEY `fk_seriesStarts_startGroup1_idx` (`xStartgroup`),
  KEY `fk_seriesStart_series1_idx` (`xSeries`),
  CONSTRAINT `fk_seriesStart_series1` FOREIGN KEY (`xSeries`) REFERENCES `series` (`xSeries`) ON DELETE NO ACTION ON UPDATE NO ACTION,
  CONSTRAINT `fk_seriesStarts_startGroup1` FOREIGN KEY (`xStartgroup`) REFERENCES `startsingroup` (`xStartgroup`) ON DELETE NO ACTION ON UPDATE NO ACTION
) ENGINE=InnoDB AUTO_INCREMENT=680 DEFAULT CHARSET=utf8mb3 COMMENT='\nnot implemented:\nRang, Qualifikation, RundeZusammen, Bemerkung, POsition2, Position3, AktivAthlet\n--> some of those were only needed to save the current athlete for the speakermonitor --> this should be possible differently!\n--> eventually include a second position column to store the current order for the use with Vor- und Endkampf in tech-disc; this is needed if we request that it is possible to get the the next athlete right out of the DB; however, we could also think of this ordering beeing done on the client, given the client can always get the rankinglist as it was after 3 attempts form the DB';
/*!40101 SET character_set_client = @saved_cs_client */;

--
-- Dumping data for table `seriesstartsresults`
--

LOCK TABLES `seriesstartsresults` WRITE;
/*!40000 ALTER TABLE `seriesstartsresults` DISABLE KEYS */;
INSERT INTO `seriesstartsresults` VALUES (679,429,99,1,0,'',0,'');
/*!40000 ALTER TABLE `seriesstartsresults` ENABLE KEYS */;
UNLOCK TABLES;

--
-- Table structure for table `sites`
--

DROP TABLE IF EXISTS `sites`;
/*!40101 SET @saved_cs_client     = @@character_set_client */;
/*!40101 SET character_set_client = utf8 */;
CREATE TABLE `sites` (
  `xSite` int(10) unsigned NOT NULL AUTO_INCREMENT,
  `name` varchar(50) NOT NULL DEFAULT '',
  `homologated` bit(1) NOT NULL DEFAULT b'0',
  `isTrack` bit(1) NOT NULL DEFAULT b'0',
  PRIMARY KEY (`xSite`)
) ENGINE=InnoDB DEFAULT CHARSET=utf8mb3 COMMENT='site_isTrack is used in order to know whether there is a configuration for it in the sites_chronometry table\nin the future, the site_isTrack could be replaced by a separate table, matching disciplines to a site --> would allow automatic allocation of sites to a contest, if it is unique';
/*!40101 SET character_set_client = @saved_cs_client */;

--
-- Dumping data for table `sites`
--

LOCK TABLES `sites` WRITE;
/*!40000 ALTER TABLE `sites` DISABLE KEYS */;
/*!40000 ALTER TABLE `sites` ENABLE KEYS */;
UNLOCK TABLES;

--
-- Table structure for table `sites_track`
--

DROP TABLE IF EXISTS `sites_track`;
/*!40101 SET @saved_cs_client     = @@character_set_client */;
/*!40101 SET character_set_client = utf8 */;
CREATE TABLE `sites_track` (
  `xSite` int(10) unsigned NOT NULL,
  `lanesStraight` tinyint(4) NOT NULL DEFAULT 6,
  `lanesTurn` tinyint(4) NOT NULL DEFAULT 6,
  `chronometryType` tinyint(4) NOT NULL DEFAULT 0,
  `chronometryConf` varchar(200) NOT NULL DEFAULT '',
  `chonometryName` varchar(50) NOT NULL DEFAULT '',
  PRIMARY KEY (`xSite`),
  CONSTRAINT `fk_sites_track_sites1` FOREIGN KEY (`xSite`) REFERENCES `sites` (`xSite`) ON DELETE NO ACTION ON UPDATE NO ACTION
) ENGINE=InnoDB DEFAULT CHARSET=utf8mb3;
/*!40101 SET character_set_client = @saved_cs_client */;

--
-- Dumping data for table `sites_track`
--

LOCK TABLES `sites_track` WRITE;
/*!40000 ALTER TABLE `sites_track` DISABLE KEYS */;
/*!40000 ALTER TABLE `sites_track` ENABLE KEYS */;
UNLOCK TABLES;

--
-- Table structure for table `starts`
--

DROP TABLE IF EXISTS `starts`;
/*!40101 SET @saved_cs_client     = @@character_set_client */;
/*!40101 SET character_set_client = utf8 */;
CREATE TABLE `starts` (
  `xStart` int(10) unsigned NOT NULL AUTO_INCREMENT,
  `xInscription` int(10) unsigned NOT NULL,
  `xEvent` int(10) unsigned NOT NULL,
  `paid` bit(1) NOT NULL DEFAULT b'0',
  `bestPerf` int(10) unsigned NOT NULL DEFAULT 0 COMMENT 'best perfoamnce in life',
  `bestPerfLast` int(10) unsigned NOT NULL DEFAULT 0 COMMENT 'best performance in the range of interest',
  `inBase` varchar(25) DEFAULT NULL,
  `competitive` bit(1) NOT NULL DEFAULT b'1' COMMENT 'competitive or non-competitive:\nif non-competitive, an athlete will not automatically be qualified for the next round and will not get a rank in the rankinglist.',
  PRIMARY KEY (`xStart`),
  UNIQUE KEY `noDoubleStarts` (`xEvent`,`xInscription`),
  KEY `fk_start_inscription1_idx` (`xInscription`),
  KEY `fk_starts_events1_idx` (`xEvent`),
  CONSTRAINT `fk_start_inscription1` FOREIGN KEY (`xInscription`) REFERENCES `inscriptions` (`xInscription`) ON DELETE NO ACTION ON UPDATE NO ACTION,
  CONSTRAINT `fk_starts_events1` FOREIGN KEY (`xEvent`) REFERENCES `events` (`xEvent`) ON DELETE NO ACTION ON UPDATE NO ACTION
) ENGINE=InnoDB AUTO_INCREMENT=53 DEFAULT CHARSET=utf8mb3 COMMENT='do we really need the Performances here or do we want to store them differently (own table, together with base data, ...)?\n\nwhere to store the "present" field: if it is in "starts", it can only be used in the first round; additionally, since the list where the presence is noted is typically based on the contest and its appealTime, it makes sense to implement the present status in the "startInGroup" table. However, this also means that we must make sure that there is never an athlete without assignment to a group. \n\nnot implemented:\nErstserie, xStaffel';
/*!40101 SET character_set_client = @saved_cs_client */;

--
-- Dumping data for table `starts`
--

LOCK TABLES `starts` WRITE;
/*!40000 ALTER TABLE `starts` DISABLE KEYS */;
INSERT INTO `starts` VALUES (23,1106,1,'\0',500,485,'0',''),(24,1103,5,'',230,220,'0',''),(25,1106,7,'\0',500,496,'0',''),(26,187,7,'\0',0,0,'',''),(27,105,7,'\0',0,0,'',''),(28,113,1,'\0',330,325,'',''),(29,109,7,'\0',310,310,'',''),(30,124,7,'\0',185,185,'',''),(32,149,7,'\0',0,0,'',''),(33,193,7,'\0',0,0,'',''),(34,1099,7,'\0',0,0,'',''),(35,238,7,'\0',0,0,'',''),(36,192,7,'\0',0,0,'',''),(37,179,7,'\0',0,0,'',''),(38,186,7,'\0',0,0,'',''),(39,181,7,'\0',0,0,'',''),(40,139,7,'\0',0,0,'',''),(42,169,7,'\0',442,440,'',''),(43,163,7,'\0',565,555,'',''),(44,106,1,'\0',0,0,'',''),(47,1109,5,'',478,478,'',''),(50,1107,5,'\0',222,222,'',''),(51,102,1,'\0',275,250,'',''),(52,1108,1,'',440,420,'','');
/*!40000 ALTER TABLE `starts` ENABLE KEYS */;
UNLOCK TABLES;

--
-- Table structure for table `startsingroup`
--

DROP TABLE IF EXISTS `startsingroup`;
/*!40101 SET @saved_cs_client     = @@character_set_client */;
/*!40101 SET character_set_client = utf8 */;
CREATE TABLE `startsingroup` (
  `xStartgroup` int(10) unsigned NOT NULL AUTO_INCREMENT,
  `xRound` int(10) unsigned NOT NULL,
  `number` smallint(5) unsigned NOT NULL,
  `xStart` int(10) unsigned NOT NULL,
  `present` bit(1) NOT NULL DEFAULT b'0',
  PRIMARY KEY (`xStartgroup`),
  UNIQUE KEY `secondary` (`xRound`,`xStart`) COMMENT 'in one round, an athlete can only participate in one group',
  KEY `fk_xStart` (`xStart`),
  KEY `fk_startsInGroup_groups1_idx` (`xRound`,`number`),
  CONSTRAINT `fk_startGroup_starts1` FOREIGN KEY (`xStart`) REFERENCES `starts` (`xStart`) ON DELETE NO ACTION ON UPDATE NO ACTION,
  CONSTRAINT `fk_startsInGroup_groups1` FOREIGN KEY (`xRound`, `number`) REFERENCES `groups` (`xRound`, `number`) ON DELETE NO ACTION ON UPDATE NO ACTION
) ENGINE=InnoDB AUTO_INCREMENT=436 DEFAULT CHARSET=utf8mb3 COMMENT='there is one entry per round for every starting athlete, linking him/her to a group; \nwhere to store the "present" field: if it is in "starts", it can only be used in the first round; additionally, since the list where the presence is noted is typically based on the contest and its appealTime, it makes sense to implement the present status in the "startInGroup" table. However, this also means that we must make sure that there is never an athlete without assignment to a group. \n';
/*!40101 SET character_set_client = @saved_cs_client */;

--
-- Dumping data for table `startsingroup`
--

LOCK TABLES `startsingroup` WRITE;
/*!40000 ALTER TABLE `startsingroup` DISABLE KEYS */;
INSERT INTO `startsingroup` VALUES (19,277,1,28,''),(413,308,1,25,''),(414,308,1,26,''),(415,308,1,27,''),(416,308,1,29,''),(417,308,1,30,''),(418,308,1,32,''),(419,308,1,33,'\0'),(420,308,1,34,''),(421,308,1,35,''),(422,308,1,36,''),(423,308,1,37,''),(424,308,1,38,''),(425,308,1,39,''),(426,308,1,40,''),(427,308,1,42,''),(428,308,1,43,'\0'),(429,277,1,44,''),(431,277,1,47,''),(433,277,1,50,''),(434,277,1,51,''),(435,277,1,52,'');
/*!40000 ALTER TABLE `startsingroup` ENABLE KEYS */;
UNLOCK TABLES;

--
-- Table structure for table `teaminscriptions`
--

DROP TABLE IF EXISTS `teaminscriptions`;
/*!40101 SET @saved_cs_client     = @@character_set_client */;
/*!40101 SET character_set_client = utf8 */;
CREATE TABLE `teaminscriptions` (
  `xInscription` int(10) unsigned NOT NULL,
  `xTeam` int(10) unsigned NOT NULL,
  PRIMARY KEY (`xInscription`,`xTeam`),
  KEY `fk_teamInscriptions_teams1_idx` (`xTeam`),
  CONSTRAINT `fk_teamInscriptions_inscriptions1` FOREIGN KEY (`xInscription`) REFERENCES `inscriptions` (`xInscription`) ON DELETE NO ACTION ON UPDATE NO ACTION,
  CONSTRAINT `fk_teamInscriptions_teams1` FOREIGN KEY (`xTeam`) REFERENCES `teams` (`xTeam`) ON DELETE NO ACTION ON UPDATE NO ACTION
) ENGINE=InnoDB DEFAULT CHARSET=utf8mb3 COMMENT='an athlete/relay can theoretically ba in multiple teams; whether this is needed or not: I dont know. If yes, it might be necessary to link certains starts of that athlete/relay to one team or the other, which would have to be done with the table teamStarts';
/*!40101 SET character_set_client = @saved_cs_client */;

--
-- Dumping data for table `teaminscriptions`
--

LOCK TABLES `teaminscriptions` WRITE;
/*!40000 ALTER TABLE `teaminscriptions` DISABLE KEYS */;
/*!40000 ALTER TABLE `teaminscriptions` ENABLE KEYS */;
UNLOCK TABLES;

--
-- Table structure for table `teams`
--

DROP TABLE IF EXISTS `teams`;
/*!40101 SET @saved_cs_client     = @@character_set_client */;
/*!40101 SET character_set_client = utf8 */;
CREATE TABLE `teams` (
  `xTeam` int(10) unsigned zerofill NOT NULL,
  `xCompetition` int(10) unsigned NOT NULL COMMENT 'really necessary?',
  `name` varchar(100) NOT NULL DEFAULT '',
  `xClub` int(10) unsigned NOT NULL,
  `perf` int(10) unsigned NOT NULL DEFAULT 0 COMMENT 'e.g. last year performance; eventually needed for setting series',
  PRIMARY KEY (`xTeam`),
  KEY `fk_teams_clubs1_idx` (`xClub`),
  KEY `fk_teams_competitions1_idx` (`xCompetition`),
  CONSTRAINT `fk_teams_clubs1` FOREIGN KEY (`xClub`) REFERENCES `clubs` (`xClub`) ON DELETE NO ACTION ON UPDATE NO ACTION,
  CONSTRAINT `fk_teams_competitions1` FOREIGN KEY (`xCompetition`) REFERENCES `competitions` (`xCompetition`) ON DELETE NO ACTION ON UPDATE NO ACTION
) ENGINE=InnoDB DEFAULT CHARSET=utf8mb3 COMMENT='in the original, also the category had a column --> is that necessary? IMO: same competition, same category (in team competitions)\none could think about separating the team from the competition, but as teams are always different at each competition/meeting/from year to year/..., it meight be reasonable to store it in one ';
/*!40101 SET character_set_client = @saved_cs_client */;

--
-- Dumping data for table `teams`
--

LOCK TABLES `teams` WRITE;
/*!40000 ALTER TABLE `teams` DISABLE KEYS */;
/*!40000 ALTER TABLE `teams` ENABLE KEYS */;
UNLOCK TABLES;
/*!40103 SET TIME_ZONE=@OLD_TIME_ZONE */;

/*!40101 SET SQL_MODE=@OLD_SQL_MODE */;
/*!40014 SET FOREIGN_KEY_CHECKS=@OLD_FOREIGN_KEY_CHECKS */;
/*!40014 SET UNIQUE_CHECKS=@OLD_UNIQUE_CHECKS */;
/*!40101 SET CHARACTER_SET_CLIENT=@OLD_CHARACTER_SET_CLIENT */;
/*!40101 SET CHARACTER_SET_RESULTS=@OLD_CHARACTER_SET_RESULTS */;
/*!40101 SET COLLATION_CONNECTION=@OLD_COLLATION_CONNECTION */;
/*!40111 SET SQL_NOTES=@OLD_SQL_NOTES */;

-- Dump completed on 2022-03-05 17:00:01
